when,lam0,model
2021-10-01T00:00:00Z,3.324027557405116e-5,harmonics + GP (current)
2021-10-01T02:00:00Z,1.0724709742188814e-5,harmonics + GP (current)
2021-10-01T04:00:00Z,6.241822286754827e-6,harmonics + GP (current)
2021-10-01T06:00:00Z,7.680987989856314e-5,harmonics + GP (current)
2021-10-01T08:00:00Z,6.779198925940019e-7,harmonics + GP (current)
2021-10-01T10:00:00Z,1.0336840998592497e-6,harmonics + GP (current)
2021-10-01T12:00:00Z,3.938665248280026e-7,harmonics + GP (current)
2021-10-01T14:00:00Z,3.1965068016473e-5,harmonics + GP (current)
2021-10-01T16:00:00Z,4.338632492772571e-7,harmonics + GP (current)
2021-10-01T18:00:00Z,9.208761616397131e-5,harmonics + GP (current)
2021-10-01T20:00:00Z,2.563227042185075e-7,harmonics + GP (current)
2021-10-01T22:00:00Z,3.100752572463436e-5,harmonics + GP (current)
2021-10-02T00:00:00Z,5.31117492035133e-5,harmonics + GP (current)
2021-10-02T02:00:00Z,2.5265989207038435e-5,harmonics + GP (current)
2021-10-02T04:00:00Z,2.6937829488776923e-4,harmonics + GP (current)
2021-10-02T06:00:00Z,8.200480227264553e-6,harmonics + GP (current)
2021-10-02T08:00:00Z,6.695170389348162e-6,harmonics + GP (current)
2021-10-02T10:00:00Z,1.6034626549933696e-6,harmonics + GP (current)
2021-10-02T12:00:00Z,2.5166389666925196e-6,harmonics + GP (current)
2021-10-02T14:00:00Z,1.014154769164369e-5,harmonics + GP (current)
2021-10-02T16:00:00Z,4.377874543341751e-4,harmonics + GP (current)
2021-10-02T18:00:00Z,7.127170618752065e-6,harmonics + GP (current)
2021-10-02T20:00:00Z,2.6332074792774084e-4,harmonics + GP (current)
2021-10-02T22:00:00Z,2.7609079450146452e-6,harmonics + GP (current)
2021-10-03T00:00:00Z,1.6572428747003797e-4,harmonics + GP (current)
2021-10-03T02:00:00Z,4.568439734407391e-6,harmonics + GP (current)
2021-10-03T04:00:00Z,1.4059631623408807e-5,harmonics + GP (current)
2021-10-03T06:00:00Z,8.424893004380704e-6,harmonics + GP (current)
2021-10-03T08:00:00Z,7.635663262254811e-5,harmonics + GP (current)
2021-10-03T10:00:00Z,4.4932902096524036e-5,harmonics + GP (current)
2021-10-03T12:00:00Z,3.779019007509073e-5,harmonics + GP (current)
2021-10-03T14:00:00Z,7.780667593022716e-6,harmonics + GP (current)
2021-10-03T16:00:00Z,5.0141969995508537e-5,harmonics + GP (current)
2021-10-03T18:00:00Z,3.9129794582799904e-5,harmonics + GP (current)
2021-10-03T20:00:00Z,1.4466390999992915e-4,harmonics + GP (current)
2021-10-03T22:00:00Z,1.0248081334341628e-5,harmonics + GP (current)
2021-10-04T00:00:00Z,3.3864757340797523e-5,harmonics + GP (current)
2021-10-04T02:00:00Z,3.210950452502455e-5,harmonics + GP (current)
2021-10-04T04:00:00Z,3.30948691806663e-6,harmonics + GP (current)
2021-10-04T06:00:00Z,1.4909390463352266e-6,harmonics + GP (current)
2021-10-04T08:00:00Z,1.875889033514925e-5,harmonics + GP (current)
2021-10-04T10:00:00Z,2.4440215215556856e-6,harmonics + GP (current)
2021-10-04T12:00:00Z,2.2663624675080244e-6,harmonics + GP (current)
2021-10-04T14:00:00Z,2.766197996100566e-6,harmonics + GP (current)
2021-10-04T16:00:00Z,1.3180533260234535e-4,harmonics + GP (current)
2021-10-04T18:00:00Z,1.0721790663714699e-4,harmonics + GP (current)
2021-10-04T20:00:00Z,9.963311194565103e-7,harmonics + GP (current)
2021-10-04T22:00:00Z,5.047976032097866e-7,harmonics + GP (current)
2021-10-05T00:00:00Z,8.937978886721e-6,harmonics + GP (current)
2021-10-05T02:00:00Z,4.3331231683287825e-5,harmonics + GP (current)
2021-10-05T04:00:00Z,2.2295066911025544e-5,harmonics + GP (current)
2021-10-05T06:00:00Z,1.1562743357262759e-5,harmonics + GP (current)
2021-10-05T08:00:00Z,1.8692844280179991e-6,harmonics + GP (current)
2021-10-05T10:00:00Z,6.219902601659439e-5,harmonics + GP (current)
2021-10-05T12:00:00Z,4.268693365038738e-6,harmonics + GP (current)
2021-10-05T14:00:00Z,3.78224227602264e-5,harmonics + GP (current)
2021-10-05T16:00:00Z,4.19435290804302e-5,harmonics + GP (current)
2021-10-05T18:00:00Z,8.517563457919664e-5,harmonics + GP (current)
2021-10-05T20:00:00Z,1.0025116828460819e-4,harmonics + GP (current)
2021-10-05T22:00:00Z,1.920072886137092e-5,harmonics + GP (current)
2021-10-06T00:00:00Z,8.739420770360281e-5,harmonics + GP (current)
2021-10-06T02:00:00Z,9.637001947105677e-5,harmonics + GP (current)
2021-10-06T04:00:00Z,5.800183323951099e-6,harmonics + GP (current)
2021-10-06T06:00:00Z,1.3563352374485265e-5,harmonics + GP (current)
2021-10-06T08:00:00Z,7.972489861607937e-5,harmonics + GP (current)
2021-10-06T10:00:00Z,1.961692122278779e-6,harmonics + GP (current)
2021-10-06T12:00:00Z,1.8470812967938903e-6,harmonics + GP (current)
2021-10-06T14:00:00Z,1.0333419625732182e-6,harmonics + GP (current)
2021-10-06T16:00:00Z,6.87661567912918e-7,harmonics + GP (current)
2021-10-06T18:00:00Z,6.750828812303956e-5,harmonics + GP (current)
2021-10-06T20:00:00Z,8.624702740031707e-5,harmonics + GP (current)
2021-10-06T22:00:00Z,1.6441404436720914e-4,harmonics + GP (current)
2021-10-07T00:00:00Z,1.775324816293906e-4,harmonics + GP (current)
2021-10-07T02:00:00Z,2.7139894776078537e-5,harmonics + GP (current)
2021-10-07T04:00:00Z,1.2963456705303132e-4,harmonics + GP (current)
2021-10-07T06:00:00Z,4.7913536379639476e-5,harmonics + GP (current)
2021-10-07T08:00:00Z,1.8509720089429428e-5,harmonics + GP (current)
2021-10-07T10:00:00Z,2.4235859377709387e-5,harmonics + GP (current)
2021-10-07T12:00:00Z,8.551389635820885e-5,harmonics + GP (current)
2021-10-07T14:00:00Z,6.414439700182202e-5,harmonics + GP (current)
2021-10-07T16:00:00Z,4.3693467107827735e-5,harmonics + GP (current)
2021-10-07T18:00:00Z,5.868526289667111e-5,harmonics + GP (current)
2021-10-07T20:00:00Z,3.3443071733899106e-5,harmonics + GP (current)
2021-10-07T22:00:00Z,4.3540204008796076e-5,harmonics + GP (current)
2021-10-08T00:00:00Z,2.6990411588207473e-5,harmonics + GP (current)
2021-10-08T02:00:00Z,3.928593600302111e-6,harmonics + GP (current)
2021-10-08T04:00:00Z,2.3855261800360946e-5,harmonics + GP (current)
2021-10-08T06:00:00Z,4.2533756450449935e-5,harmonics + GP (current)
2021-10-08T08:00:00Z,3.83803827729091e-5,harmonics + GP (current)
2021-10-08T10:00:00Z,6.197015677498493e-7,harmonics + GP (current)
2021-10-08T12:00:00Z,1.69080713279567e-5,harmonics + GP (current)
2021-10-08T14:00:00Z,7.643319742952518e-5,harmonics + GP (current)
2021-10-08T16:00:00Z,0.0023426967866066032,harmonics + GP (current)
2021-10-08T18:00:00Z,9.6658136522089e-4,harmonics + GP (current)
2021-10-08T20:00:00Z,1.276591565088416e-4,harmonics + GP (current)
2021-10-08T22:00:00Z,9.558625927232195e-6,harmonics + GP (current)
2021-10-09T00:00:00Z,1.821302335299828e-4,harmonics + GP (current)
2021-10-09T02:00:00Z,2.6553248214577113e-4,harmonics + GP (current)
2021-10-09T04:00:00Z,5.936593220420615e-4,harmonics + GP (current)
2021-10-09T06:00:00Z,1.0179141268870037e-5,harmonics + GP (current)
2021-10-09T08:00:00Z,7.565608787383875e-5,harmonics + GP (current)
2021-10-09T10:00:00Z,2.2531091344986593e-5,harmonics + GP (current)
2021-10-09T12:00:00Z,2.2126611662073474e-4,harmonics + GP (current)
2021-10-09T14:00:00Z,4.651827165084947e-5,harmonics + GP (current)
2021-10-09T16:00:00Z,1.0418049769589488e-4,harmonics + GP (current)
2021-10-09T18:00:00Z,4.653959904402599e-5,harmonics + GP (current)
2021-10-09T20:00:00Z,2.863898858483108e-5,harmonics + GP (current)
2021-10-09T22:00:00Z,1.4060485242271692e-6,harmonics + GP (current)
2021-10-10T00:00:00Z,3.2373805377514086e-5,harmonics + GP (current)
2021-10-10T02:00:00Z,2.886508118870155e-5,harmonics + GP (current)
2021-10-10T04:00:00Z,1.919431571111497e-4,harmonics + GP (current)
2021-10-10T06:00:00Z,1.1557095095866348e-5,harmonics + GP (current)
2021-10-10T08:00:00Z,5.49035469984431e-5,harmonics + GP (current)
2021-10-10T10:00:00Z,5.439480388639935e-6,harmonics + GP (current)
2021-10-10T12:00:00Z,5.545019160255206e-6,harmonics + GP (current)
2021-10-10T14:00:00Z,1.1399262944368894e-5,harmonics + GP (current)
2021-10-10T16:00:00Z,9.350744300753427e-4,harmonics + GP (current)
2021-10-10T18:00:00Z,1.2675191089431915e-4,harmonics + GP (current)
2021-10-10T20:00:00Z,4.435095787366902e-5,harmonics + GP (current)
2021-10-10T22:00:00Z,1.12188828596161e-5,harmonics + GP (current)
2021-10-11T00:00:00Z,3.7808664060928505e-4,harmonics + GP (current)
2021-10-11T02:00:00Z,2.299701071537132e-5,harmonics + GP (current)
2021-10-11T04:00:00Z,9.799616298178984e-5,harmonics + GP (current)
2021-10-11T06:00:00Z,1.9501152071595495e-5,harmonics + GP (current)
2021-10-11T08:00:00Z,3.956699900699284e-5,harmonics + GP (current)
2021-10-11T10:00:00Z,1.0880681237099235e-5,harmonics + GP (current)
2021-10-11T12:00:00Z,7.978634604536876e-6,harmonics + GP (current)
2021-10-11T14:00:00Z,1.7614175789122534e-5,harmonics + GP (current)
2021-10-11T16:00:00Z,7.805162958984401e-6,harmonics + GP (current)
2021-10-11T18:00:00Z,1.4753427577619195e-4,harmonics + GP (current)
2021-10-11T20:00:00Z,0.0020827039117854813,harmonics + GP (current)
2021-10-11T22:00:00Z,1.0196245463674154e-5,harmonics + GP (current)
2021-10-12T00:00:00Z,7.987594315584641e-5,harmonics + GP (current)
2021-10-12T02:00:00Z,1.4890297814718465e-5,harmonics + GP (current)
2021-10-12T04:00:00Z,2.3648759881694925e-4,harmonics + GP (current)
2021-10-12T06:00:00Z,2.0368928298910522e-4,harmonics + GP (current)
2021-10-12T08:00:00Z,6.954698544783862e-5,harmonics + GP (current)
2021-10-12T10:00:00Z,3.1854633971378927e-6,harmonics + GP (current)
2021-10-12T12:00:00Z,5.705957940753137e-5,harmonics + GP (current)
2021-10-12T14:00:00Z,6.235492422752336e-7,harmonics + GP (current)
2021-10-12T16:00:00Z,2.9051038737552557e-5,harmonics + GP (current)
2021-10-12T18:00:00Z,1.5565056295974576e-5,harmonics + GP (current)
2021-10-12T20:00:00Z,1.279940098448365e-4,harmonics + GP (current)
2021-10-12T22:00:00Z,1.4913411799889174e-5,harmonics + GP (current)
2021-10-13T00:00:00Z,2.798234800898214e-4,harmonics + GP (current)
2021-10-13T02:00:00Z,3.982781039780916e-5,harmonics + GP (current)
2021-10-13T04:00:00Z,1.0612481545516124e-4,harmonics + GP (current)
2021-10-13T06:00:00Z,1.30507854520443e-6,harmonics + GP (current)
2021-10-13T08:00:00Z,1.6766257067589521e-6,harmonics + GP (current)
2021-10-13T10:00:00Z,1.2348842979508769e-5,harmonics + GP (current)
2021-10-13T12:00:00Z,2.498379444725684e-5,harmonics + GP (current)
2021-10-13T14:00:00Z,1.4856696641767883e-4,harmonics + GP (current)
2021-10-13T16:00:00Z,1.931732984845318e-5,harmonics + GP (current)
2021-10-13T18:00:00Z,1.019475944280208e-4,harmonics + GP (current)
2021-10-13T20:00:00Z,5.88649122047307e-4,harmonics + GP (current)
2021-10-13T22:00:00Z,1.1235354719186497e-4,harmonics + GP (current)
2021-10-14T00:00:00Z,5.16760533109905e-5,harmonics + GP (current)
2021-10-14T02:00:00Z,5.924176871537965e-6,harmonics + GP (current)
2021-10-14T04:00:00Z,0.0010652604981570197,harmonics + GP (current)
2021-10-14T06:00:00Z,6.033928896580105e-5,harmonics + GP (current)
2021-10-14T08:00:00Z,1.3781389616844678e-5,harmonics + GP (current)
2021-10-14T10:00:00Z,4.408409032795997e-5,harmonics + GP (current)
2021-10-14T12:00:00Z,7.910822311160152e-4,harmonics + GP (current)
2021-10-14T14:00:00Z,2.2433830774614856e-5,harmonics + GP (current)
2021-10-14T16:00:00Z,2.7848873519398834e-4,harmonics + GP (current)
2021-10-14T18:00:00Z,2.658211559021846e-5,harmonics + GP (current)
2021-10-14T20:00:00Z,8.154912631724341e-6,harmonics + GP (current)
2021-10-14T22:00:00Z,8.167096914396696e-7,harmonics + GP (current)
2021-10-15T00:00:00Z,6.399454025773496e-5,harmonics + GP (current)
2021-10-15T02:00:00Z,4.1656518176512944e-5,harmonics + GP (current)
2021-10-15T04:00:00Z,2.4620799779119316e-6,harmonics + GP (current)
2021-10-15T06:00:00Z,9.039562322140621e-5,harmonics + GP (current)
2021-10-15T08:00:00Z,3.379666064011943e-5,harmonics + GP (current)
2021-10-15T10:00:00Z,3.934460825959241e-6,harmonics + GP (current)
2021-10-15T12:00:00Z,4.655488872375515e-6,harmonics + GP (current)
2021-10-15T14:00:00Z,7.979172129756677e-6,harmonics + GP (current)
2021-10-15T16:00:00Z,8.637017411770413e-5,harmonics + GP (current)
2021-10-15T18:00:00Z,1.9750985133474477e-8,harmonics + GP (current)
2021-10-15T20:00:00Z,3.2126538984794896e-5,harmonics + GP (current)
2021-10-15T22:00:00Z,1.3612221902362104e-4,harmonics + GP (current)
2021-10-16T00:00:00Z,7.848688715312004e-6,harmonics + GP (current)
2021-10-16T02:00:00Z,3.379616799946929e-5,harmonics + GP (current)
2021-10-16T04:00:00Z,1.670976232883799e-4,harmonics + GP (current)
2021-10-16T06:00:00Z,4.1914860031476325e-6,harmonics + GP (current)
2021-10-16T08:00:00Z,2.929656998097093e-5,harmonics + GP (current)
2021-10-16T10:00:00Z,6.449075305918789e-4,harmonics + GP (current)
2021-10-16T12:00:00Z,4.993853038780816e-5,harmonics + GP (current)
2021-10-16T14:00:00Z,3.220500570660159e-5,harmonics + GP (current)
2021-10-16T16:00:00Z,5.1121008468064106e-6,harmonics + GP (current)
2021-10-16T18:00:00Z,7.702682863571019e-6,harmonics + GP (current)
2021-10-16T20:00:00Z,1.322075581563197e-4,harmonics + GP (current)
2021-10-16T22:00:00Z,3.811312707003577e-5,harmonics + GP (current)
2021-10-17T00:00:00Z,5.824000459324268e-5,harmonics + GP (current)
2021-10-17T02:00:00Z,7.414051342824207e-6,harmonics + GP (current)
2021-10-17T04:00:00Z,1.2255047482288115e-5,harmonics + GP (current)
2021-10-17T06:00:00Z,6.229076438476771e-6,harmonics + GP (current)
2021-10-17T08:00:00Z,5.006101960224298e-6,harmonics + GP (current)
2021-10-17T10:00:00Z,1.618030643930581e-5,harmonics + GP (current)
2021-10-17T12:00:00Z,9.193549736569608e-7,harmonics + GP (current)
2021-10-17T14:00:00Z,2.3283852917576217e-5,harmonics + GP (current)
2021-10-17T16:00:00Z,3.644060128666927e-5,harmonics + GP (current)
2021-10-17T18:00:00Z,3.206513978591092e-5,harmonics + GP (current)
2021-10-17T20:00:00Z,3.1033590787424975e-5,harmonics + GP (current)
2021-10-17T22:00:00Z,4.079730111940351e-5,harmonics + GP (current)
2021-10-18T00:00:00Z,1.7566690240045216e-5,harmonics + GP (current)
2021-10-18T02:00:00Z,7.005778190953282e-6,harmonics + GP (current)
2021-10-18T04:00:00Z,3.22049443125113e-6,harmonics + GP (current)
2021-10-18T06:00:00Z,2.3157327839308944e-7,harmonics + GP (current)
2021-10-18T08:00:00Z,8.856296794722485e-6,harmonics + GP (current)
2021-10-18T10:00:00Z,1.743953657257342e-6,harmonics + GP (current)
2021-10-18T12:00:00Z,1.588402156302697e-6,harmonics + GP (current)
2021-10-18T14:00:00Z,5.094411397551513e-6,harmonics + GP (current)
2021-10-18T16:00:00Z,2.0122315547641027e-5,harmonics + GP (current)
2021-10-18T18:00:00Z,2.1324347005939134e-06,harmonics + GP (current)
2021-10-18T20:00:00Z,3.6861757828887213e-08,harmonics + GP (current)
2021-10-18T22:00:00Z,5.425731843055652e-6,harmonics + GP (current)
2021-10-19T00:00:00Z,7.868546868678757e-7,harmonics + GP (current)
2021-10-19T02:00:00Z,4.8861187393482634e-5,harmonics + GP (current)
2021-10-19T04:00:00Z,2.683513630933003e-5,harmonics + GP (current)
2021-10-19T06:00:00Z,6.386792112807417e-6,harmonics + GP (current)
2021-10-19T08:00:00Z,8.010241674865895e-8,harmonics + GP (current)
2021-10-19T10:00:00Z,6.35865913784803e-6,harmonics + GP (current)
2021-10-19T12:00:00Z,9.400637767522056e-5,harmonics + GP (current)
2021-10-19T14:00:00Z,1.334758279755696e-4,harmonics + GP (current)
2021-10-19T16:00:00Z,1.1481750619078645e-6,harmonics + GP (current)
2021-10-19T18:00:00Z,2.4072673891052115e-5,harmonics + GP (current)
2021-10-19T20:00:00Z,3.0055905880294606e-7,harmonics + GP (current)
2021-10-19T22:00:00Z,4.631319185503364e-6,harmonics + GP (current)
2021-10-20T00:00:00Z,6.838381274771671e-7,harmonics + GP (current)
2021-10-20T02:00:00Z,5.278761356445202e-5,harmonics + GP (current)
2021-10-20T04:00:00Z,1.0212361372637076e-6,harmonics + GP (current)
2021-10-20T06:00:00Z,1.595870981052856e-5,harmonics + GP (current)
2021-10-20T08:00:00Z,1.9092863369911408e-4,harmonics + GP (current)
2021-10-20T10:00:00Z,4.95031299215363e-5,harmonics + GP (current)
2021-10-20T12:00:00Z,1.6125821516576936e-5,harmonics + GP (current)
2021-10-20T14:00:00Z,6.196527364522514e-5,harmonics + GP (current)
2021-10-20T16:00:00Z,2.8137792064201667e-6,harmonics + GP (current)
2021-10-20T18:00:00Z,4.328585537377205e-6,harmonics + GP (current)
2021-10-20T20:00:00Z,2.3071980160489725e-5,harmonics + GP (current)
2021-10-20T22:00:00Z,3.2994448237929145e-6,harmonics + GP (current)
2021-10-21T00:00:00Z,1.1398188271187073e-4,harmonics + GP (current)
2021-10-21T02:00:00Z,3.1106360335810665e-5,harmonics + GP (current)
2021-10-21T04:00:00Z,4.167924136235511e-6,harmonics + GP (current)
2021-10-21T06:00:00Z,3.0220836888298948e-5,harmonics + GP (current)
2021-10-21T08:00:00Z,1.0452283504966834e-4,harmonics + GP (current)
2021-10-21T10:00:00Z,1.5283409123572684e-4,harmonics + GP (current)
2021-10-21T12:00:00Z,3.2482003610200785e-7,harmonics + GP (current)
2021-10-21T14:00:00Z,3.521445482239915e-5,harmonics + GP (current)
2021-10-21T16:00:00Z,8.401393301473058e-6,harmonics + GP (current)
2021-10-21T18:00:00Z,5.045884102409267e-5,harmonics + GP (current)
2021-10-21T20:00:00Z,0.011680391513431542,harmonics + GP (current)
2021-10-21T22:00:00Z,8.964152388984828e-5,harmonics + GP (current)
2021-10-22T00:00:00Z,9.195417508186144e-5,harmonics + GP (current)
2021-10-22T02:00:00Z,2.007401367343258e-5,harmonics + GP (current)
2021-10-22T04:00:00Z,1.4355013553376233e-6,harmonics + GP (current)
2021-10-22T06:00:00Z,8.447672756870718e-5,harmonics + GP (current)
2021-10-22T08:00:00Z,1.3163127810833674e-5,harmonics + GP (current)
2021-10-22T10:00:00Z,7.534444217341246e-6,harmonics + GP (current)
2021-10-22T12:00:00Z,0.0013614452045689234,harmonics + GP (current)
2021-10-22T14:00:00Z,8.532339221789774e-7,harmonics + GP (current)
2021-10-22T16:00:00Z,1.4770861459904319e-5,harmonics + GP (current)
2021-10-22T18:00:00Z,4.285426727577665e-5,harmonics + GP (current)
2021-10-22T20:00:00Z,5.836482286744834e-6,harmonics + GP (current)
2021-10-22T22:00:00Z,6.50569079347337e-4,harmonics + GP (current)
2021-10-23T00:00:00Z,2.1605949177759534e-5,harmonics + GP (current)
2021-10-23T02:00:00Z,5.053258516901875e-5,harmonics + GP (current)
2021-10-23T04:00:00Z,4.840168987557934e-4,harmonics + GP (current)
2021-10-23T06:00:00Z,8.426334632263815e-4,harmonics + GP (current)
2021-10-23T08:00:00Z,8.187909346384235e-6,harmonics + GP (current)
2021-10-23T10:00:00Z,1.3754168121095085e-5,harmonics + GP (current)
2021-10-23T12:00:00Z,9.86140083288049e-6,harmonics + GP (current)
2021-10-23T14:00:00Z,3.6948750772533955e-6,harmonics + GP (current)
2021-10-23T16:00:00Z,0.001047409720387761,harmonics + GP (current)
2021-10-23T18:00:00Z,2.6349169841250294e-5,harmonics + GP (current)
2021-10-23T20:00:00Z,7.10482732711459e-5,harmonics + GP (current)
2021-10-23T22:00:00Z,2.6131589274484173e-5,harmonics + GP (current)
2021-10-24T00:00:00Z,4.521244000051845e-6,harmonics + GP (current)
2021-10-24T02:00:00Z,5.00929003328462e-6,harmonics + GP (current)
2021-10-24T04:00:00Z,9.003555796117015e-5,harmonics + GP (current)
2021-10-24T06:00:00Z,8.724710706106059e-6,harmonics + GP (current)
2021-10-24T08:00:00Z,9.891343121309303e-6,harmonics + GP (current)
2021-10-24T10:00:00Z,4.113795129032214e-4,harmonics + GP (current)
2021-10-24T12:00:00Z,1.4561908374540931e-5,harmonics + GP (current)
2021-10-24T14:00:00Z,2.221225620747514e-6,harmonics + GP (current)
2021-10-24T16:00:00Z,2.3637030772582603e-5,harmonics + GP (current)
2021-10-24T18:00:00Z,7.450850346107596e-5,harmonics + GP (current)
2021-10-24T20:00:00Z,1.438718886656834e-5,harmonics + GP (current)
2021-10-24T22:00:00Z,8.074312413514693e-6,harmonics + GP (current)
2021-10-25T00:00:00Z,1.5031661787379885e-5,harmonics + GP (current)
2021-10-25T02:00:00Z,4.7176208343938374e-4,harmonics + GP (current)
2021-10-25T04:00:00Z,8.855876952179912e-5,harmonics + GP (current)
2021-10-25T06:00:00Z,2.803498794084953e-6,harmonics + GP (current)
2021-10-25T08:00:00Z,9.391388015083231e-7,harmonics + GP (current)
2021-10-25T10:00:00Z,1.8389826652081762e-7,harmonics + GP (current)
2021-10-25T12:00:00Z,1.5671116697617488e-4,harmonics + GP (current)
2021-10-25T14:00:00Z,6.2094409214325915e-6,harmonics + GP (current)
2021-10-25T16:00:00Z,5.568936532157863e-6,harmonics + GP (current)
2021-10-25T18:00:00Z,8.473467278869392e-6,harmonics + GP (current)
2021-10-25T20:00:00Z,8.285375879028712e-6,harmonics + GP (current)
2021-10-25T22:00:00Z,1.0218156008508988e-5,harmonics + GP (current)
2021-10-26T00:00:00Z,7.913751108878739e-5,harmonics + GP (current)
2021-10-26T02:00:00Z,3.075662732419079e-6,harmonics + GP (current)
2021-10-26T04:00:00Z,1.4098286583486081e-5,harmonics + GP (current)
2021-10-26T06:00:00Z,2.4637058560489702e-6,harmonics + GP (current)
2021-10-26T08:00:00Z,2.3443470003177947e-5,harmonics + GP (current)
2021-10-26T10:00:00Z,1.0195610615703391e-5,harmonics + GP (current)
2021-10-26T12:00:00Z,3.307981299696801e-7,harmonics + GP (current)
2021-10-26T14:00:00Z,1.2484380307388335e-5,harmonics + GP (current)
2021-10-26T16:00:00Z,3.0589136274295643e-6,harmonics + GP (current)
2021-10-26T18:00:00Z,1.2049318104873816e-7,harmonics + GP (current)
2021-10-26T20:00:00Z,4.991753838089956e-6,harmonics + GP (current)
2021-10-26T22:00:00Z,3.210041356773248e-6,harmonics + GP (current)
2021-10-27T00:00:00Z,2.3546579034962452e-5,harmonics + GP (current)
2021-10-27T02:00:00Z,1.2720363643526847e-6,harmonics + GP (current)
2021-10-27T04:00:00Z,1.9723520236900537e-6,harmonics + GP (current)
2021-10-27T06:00:00Z,1.4604466053107852e-5,harmonics + GP (current)
2021-10-27T08:00:00Z,4.695851132220279e-7,harmonics + GP (current)
2021-10-27T10:00:00Z,1.6844523793930685e-7,harmonics + GP (current)
2021-10-27T12:00:00Z,1.6535688468262809e-6,harmonics + GP (current)
2021-10-27T14:00:00Z,7.712001635380067e-6,harmonics + GP (current)
2021-10-27T16:00:00Z,5.733782292471898e-6,harmonics + GP (current)
2021-10-27T18:00:00Z,3.491105727428085e-6,harmonics + GP (current)
2021-10-27T20:00:00Z,1.350355805108246e-4,harmonics + GP (current)
2021-10-27T22:00:00Z,4.474729429887122e-6,harmonics + GP (current)
2021-10-28T00:00:00Z,5.492171740752147e-6,harmonics + GP (current)
2021-10-28T02:00:00Z,1.0655378243551535e-5,harmonics + GP (current)
2021-10-28T04:00:00Z,3.670910841842897e-6,harmonics + GP (current)
2021-10-28T06:00:00Z,1.2638028933730125e-5,harmonics + GP (current)
2021-10-28T08:00:00Z,2.678020856506415e-5,harmonics + GP (current)
2021-10-28T10:00:00Z,1.1122691283282835e-6,harmonics + GP (current)
2021-10-28T12:00:00Z,2.2552247181363715e-7,harmonics + GP (current)
2021-10-28T14:00:00Z,5.7268950344923605e-6,harmonics + GP (current)
2021-10-28T16:00:00Z,6.250339648670673e-6,harmonics + GP (current)
2021-10-28T18:00:00Z,3.992965193898174e-5,harmonics + GP (current)
2021-10-28T20:00:00Z,1.3905311968980002e-5,harmonics + GP (current)
2021-10-28T22:00:00Z,2.793619402891517e-4,harmonics + GP (current)
2021-10-29T00:00:00Z,1.838888522699396e-5,harmonics + GP (current)
2021-10-29T02:00:00Z,1.9049272511345987e-4,harmonics + GP (current)
2021-10-29T04:00:00Z,2.2954667826632898e-6,harmonics + GP (current)
2021-10-29T06:00:00Z,4.744439369885394e-5,harmonics + GP (current)
2021-10-29T08:00:00Z,3.4627376395965213e-4,harmonics + GP (current)
2021-10-29T10:00:00Z,1.2821981057672946e-4,harmonics + GP (current)
2021-10-29T12:00:00Z,3.271370769961025e-5,harmonics + GP (current)
2021-10-29T14:00:00Z,2.898710001939857e-6,harmonics + GP (current)
2021-10-29T16:00:00Z,4.994185000760357e-6,harmonics + GP (current)
2021-10-29T18:00:00Z,1.5417905909546673e-5,harmonics + GP (current)
2021-10-29T20:00:00Z,1.4256431067183396e-4,harmonics + GP (current)
2021-10-29T22:00:00Z,2.610339536091441e-5,harmonics + GP (current)
2021-10-30T00:00:00Z,2.3977745434981026e-6,harmonics + GP (current)
2021-10-30T02:00:00Z,3.7145229180688235e-4,harmonics + GP (current)
2021-10-30T04:00:00Z,7.841578615426812e-5,harmonics + GP (current)
2021-10-30T06:00:00Z,1.245232278085352e-5,harmonics + GP (current)
2021-10-30T08:00:00Z,1.936344450462054e-6,harmonics + GP (current)
2021-10-30T10:00:00Z,4.8385556706858325e-6,harmonics + GP (current)
2021-10-30T12:00:00Z,8.311033753423634e-6,harmonics + GP (current)
2021-10-30T14:00:00Z,9.03323510369485e-6,harmonics + GP (current)
2021-10-30T16:00:00Z,3.6344000285208383e-05,harmonics + GP (current)
2021-10-30T18:00:00Z,3.2685473903345546e-6,harmonics + GP (current)
2021-10-30T20:00:00Z,2.528890646219442e-6,harmonics + GP (current)
2021-10-30T22:00:00Z,1.0575662152579513e-5,harmonics + GP (current)
2021-10-31T00:00:00Z,1.0249042560738879e-4,harmonics + GP (current)
2021-10-31T02:00:00Z,1.5389450270977142e-4,harmonics + GP (current)
2021-10-31T04:00:00Z,2.6188721586910884e-5,harmonics + GP (current)
2021-10-31T06:00:00Z,1.1311966668341194e-5,harmonics + GP (current)
2021-10-31T08:00:00Z,1.5218009620827349e-6,harmonics + GP (current)
2021-10-31T10:00:00Z,1.0359853035081579e-4,harmonics + GP (current)
2021-10-31T12:00:00Z,6.706335818447103e-6,harmonics + GP (current)
2021-10-31T14:00:00Z,3.1550758950900692e-6,harmonics + GP (current)
2021-10-31T16:00:00Z,2.551695074335195e-4,harmonics + GP (current)
2021-10-31T18:00:00Z,7.568820516073822e-6,harmonics + GP (current)
2021-10-31T20:00:00Z,4.355622849591554e-5,harmonics + GP (current)
2021-10-31T22:00:00Z,1.3968623380603598e-4,harmonics + GP (current)
2021-11-01T00:00:00Z,7.746385176495554e-5,harmonics + GP (current)
2021-11-01T02:00:00Z,5.376959191536917e-4,harmonics + GP (current)
2021-11-01T04:00:00Z,1.7494188282561333e-4,harmonics + GP (current)
2021-11-01T06:00:00Z,1.3823943521031403e-5,harmonics + GP (current)
2021-11-01T08:00:00Z,3.5912622138828293e-6,harmonics + GP (current)
2021-11-01T10:00:00Z,2.2589018605133478e-6,harmonics + GP (current)
2021-11-01T12:00:00Z,2.740950406759041e-6,harmonics + GP (current)
2021-11-01T14:00:00Z,3.099384929547299e-5,harmonics + GP (current)
2021-11-01T16:00:00Z,4.13115137314914e-6,harmonics + GP (current)
2021-11-01T18:00:00Z,2.7845394690642493e-5,harmonics + GP (current)
2021-11-01T20:00:00Z,2.9546502850332044e-5,harmonics + GP (current)
2021-11-01T22:00:00Z,1.4445350553178834e-4,harmonics + GP (current)
2021-11-02T00:00:00Z,6.949500182456204e-6,harmonics + GP (current)
2021-11-02T02:00:00Z,1.3363003259928186e-5,harmonics + GP (current)
2021-11-02T04:00:00Z,3.737533546422047e-5,harmonics + GP (current)
2021-11-02T06:00:00Z,3.764011851009537e-5,harmonics + GP (current)
2021-11-02T08:00:00Z,2.1212212899264102e-5,harmonics + GP (current)
2021-11-02T10:00:00Z,1.5586223503226383e-5,harmonics + GP (current)
2021-11-02T12:00:00Z,2.568051443569132e-4,harmonics + GP (current)
2021-11-02T14:00:00Z,5.435290721523976e-6,harmonics + GP (current)
2021-11-02T16:00:00Z,1.5826019286161034e-5,harmonics + GP (current)
2021-11-02T18:00:00Z,5.03714166957451e-4,harmonics + GP (current)
2021-11-02T20:00:00Z,6.450565426693728e-5,harmonics + GP (current)
2021-11-02T22:00:00Z,7.54151296358464e-6,harmonics + GP (current)
2021-11-03T00:00:00Z,0.003925880332445346,harmonics + GP (current)
2021-11-03T02:00:00Z,3.3656900263821814e-4,harmonics + GP (current)
2021-11-03T04:00:00Z,2.2994893847244446e-6,harmonics + GP (current)
2021-11-03T06:00:00Z,3.264006488472008e-5,harmonics + GP (current)
2021-11-03T08:00:00Z,1.1964382998892412e-5,harmonics + GP (current)
2021-11-03T10:00:00Z,1.7118156073835548e-5,harmonics + GP (current)
2021-11-03T12:00:00Z,6.523375337431095e-5,harmonics + GP (current)
2021-11-03T14:00:00Z,4.417973195050129e-6,harmonics + GP (current)
2021-11-03T16:00:00Z,5.023615750520082e-5,harmonics + GP (current)
2021-11-03T18:00:00Z,2.051013656325961e-5,harmonics + GP (current)
2021-11-03T20:00:00Z,3.8101403393851536e-6,harmonics + GP (current)
2021-11-03T22:00:00Z,1.856878985503179e-4,harmonics + GP (current)
2021-11-04T00:00:00Z,0.0012830728043576863,harmonics + GP (current)
2021-11-04T02:00:00Z,9.84277672431395e-6,harmonics + GP (current)
2021-11-04T04:00:00Z,6.591222086357466e-5,harmonics + GP (current)
2021-11-04T06:00:00Z,3.5128447866443354e-5,harmonics + GP (current)
2021-11-04T08:00:00Z,1.2291909898297466e-4,harmonics + GP (current)
2021-11-04T10:00:00Z,2.6988414370149334e-6,harmonics + GP (current)
2021-11-04T12:00:00Z,3.454476714287768e-4,harmonics + GP (current)
2021-11-04T14:00:00Z,0.01667004502043613,harmonics + GP (current)
2021-11-04T16:00:00Z,9.459222924632847e-5,harmonics + GP (current)
2021-11-04T18:00:00Z,8.913322867502742e-4,harmonics + GP (current)
2021-11-04T20:00:00Z,1.0080472143743156e-4,harmonics + GP (current)
2021-11-04T22:00:00Z,0.0027104294933072725,harmonics + GP (current)
2021-11-05T00:00:00Z,1.552940520556519e-4,harmonics + GP (current)
2021-11-05T02:00:00Z,0.0036620032394916974,harmonics + GP (current)
2021-11-05T04:00:00Z,4.865608497530218e-4,harmonics + GP (current)
2021-11-05T06:00:00Z,3.3362769904736525e-5,harmonics + GP (current)
2021-11-05T08:00:00Z,1.631866738390726e-5,harmonics + GP (current)
2021-11-05T10:00:00Z,5.055553268434264e-6,harmonics + GP (current)
2021-11-05T12:00:00Z,1.5350819628143285e-4,harmonics + GP (current)
2021-11-05T14:00:00Z,2.543395637083154e-5,harmonics + GP (current)
2021-11-05T16:00:00Z,8.503588943609032e-4,harmonics + GP (current)
2021-11-05T18:00:00Z,2.6296316951891134e-4,harmonics + GP (current)
2021-11-05T20:00:00Z,1.7443876525404404e-4,harmonics + GP (current)
2021-11-05T22:00:00Z,7.092113049993697e-4,harmonics + GP (current)
2021-11-06T00:00:00Z,0.005024444283378853,harmonics + GP (current)
2021-11-06T02:00:00Z,0.007709285417941326,harmonics + GP (current)
2021-11-06T04:00:00Z,0.00408657642302076,harmonics + GP (current)
2021-11-06T06:00:00Z,3.357429876119164e-4,harmonics + GP (current)
2021-11-06T08:00:00Z,1.8789459254608802e-4,harmonics + GP (current)
2021-11-06T10:00:00Z,9.69572310604899e-5,harmonics + GP (current)
2021-11-06T12:00:00Z,1.1979334468420065e-4,harmonics + GP (current)
2021-11-06T14:00:00Z,1.2043746946435294e-4,harmonics + GP (current)
2021-11-06T16:00:00Z,3.9273785801852693e-4,harmonics + GP (current)
2021-11-06T18:00:00Z,0.0010258087116817984,harmonics + GP (current)
2021-11-06T20:00:00Z,0.0012429769068093175,harmonics + GP (current)
2021-11-06T22:00:00Z,0.004388283743661974,harmonics + GP (current)
2021-11-07T00:00:00Z,0.010979598064947646,harmonics + GP (current)
2021-11-07T02:00:00Z,4.430879945130866e-4,harmonics + GP (current)
2021-11-07T04:00:00Z,0.00106204843147036,harmonics + GP (current)
2021-11-07T06:00:00Z,0.0011153572824007779,harmonics + GP (current)
2021-11-07T08:00:00Z,3.020383392742367e-4,harmonics + GP (current)
2021-11-07T10:00:00Z,1.8407889764680833e-5,harmonics + GP (current)
2021-11-07T12:00:00Z,4.835941914724651e-5,harmonics + GP (current)
2021-11-07T14:00:00Z,1.887401909491952e-4,harmonics + GP (current)
2021-11-07T16:00:00Z,3.242043716268431e-5,harmonics + GP (current)
2021-11-07T18:00:00Z,0.003026143326463599,harmonics + GP (current)
2021-11-07T20:00:00Z,0.006394871513448743,harmonics + GP (current)
2021-11-07T22:00:00Z,9.09684078373193e-4,harmonics + GP (current)
2021-11-08T00:00:00Z,0.0035514957195404767,harmonics + GP (current)
2021-11-08T02:00:00Z,7.460570435083727e-4,harmonics + GP (current)
2021-11-08T04:00:00Z,0.001694021070177879,harmonics + GP (current)
2021-11-08T06:00:00Z,8.063552078055123e-4,harmonics + GP (current)
2021-11-08T08:00:00Z,3.6460976941506194e-5,harmonics + GP (current)
2021-11-08T10:00:00Z,1.7304286146459465e-5,harmonics + GP (current)
2021-11-08T12:00:00Z,0.0014683505212372372,harmonics + GP (current)
2021-11-08T14:00:00Z,1.0335475683504556e-5,harmonics + GP (current)
2021-11-08T16:00:00Z,7.566357509268433e-5,harmonics + GP (current)
2021-11-08T18:00:00Z,4.422303856063506e-5,harmonics + GP (current)
2021-11-08T20:00:00Z,0.007311939408744324,harmonics + GP (current)
2021-11-08T22:00:00Z,0.008882157932110014,harmonics + GP (current)
2021-11-09T00:00:00Z,0.03223834558784017,harmonics + GP (current)
2021-11-09T02:00:00Z,1.087587414484311e-4,harmonics + GP (current)
2021-11-09T04:00:00Z,0.002313247718447369,harmonics + GP (current)
2021-11-09T06:00:00Z,6.558093347278083e-4,harmonics + GP (current)
2021-11-09T08:00:00Z,0.00389367152261438,harmonics + GP (current)
2021-11-09T10:00:00Z,2.8916358339373693e-5,harmonics + GP (current)
2021-11-09T12:00:00Z,5.533371932989053e-5,harmonics + GP (current)
2021-11-09T14:00:00Z,1.6968159543143238e-4,harmonics + GP (current)
2021-11-09T16:00:00Z,0.0034329198662779166,harmonics + GP (current)
2021-11-09T18:00:00Z,2.025510928279719e-4,harmonics + GP (current)
2021-11-09T20:00:00Z,2.781630611880897e-4,harmonics + GP (current)
2021-11-09T22:00:00Z,0.01697865498007973,harmonics + GP (current)
2021-11-10T00:00:00Z,0.0037508488020249024,harmonics + GP (current)
2021-11-10T02:00:00Z,8.801751948318238e-5,harmonics + GP (current)
2021-11-10T04:00:00Z,1.797427691755136e-4,harmonics + GP (current)
2021-11-10T06:00:00Z,7.794703489846507e-4,harmonics + GP (current)
2021-11-10T08:00:00Z,0.0032535599962679835,harmonics + GP (current)
2021-11-10T10:00:00Z,4.230247797584065e-4,harmonics + GP (current)
2021-11-10T12:00:00Z,4.903263809998179e-4,harmonics + GP (current)
2021-11-10T14:00:00Z,0.0010213572501515935,harmonics + GP (current)
2021-11-10T16:00:00Z,0.00465750287287735,harmonics + GP (current)
2021-11-10T18:00:00Z,4.5391231928305486e-5,harmonics + GP (current)
2021-11-10T20:00:00Z,1.3732525589432617e-4,harmonics + GP (current)
2021-11-10T22:00:00Z,4.5372230103089915e-4,harmonics + GP (current)
2021-11-11T00:00:00Z,8.138462190145104e-4,harmonics + GP (current)
2021-11-11T02:00:00Z,1.0678732646272585e-4,harmonics + GP (current)
2021-11-11T04:00:00Z,3.707062004498898e-5,harmonics + GP (current)
2021-11-11T06:00:00Z,2.8247751062292643e-4,harmonics + GP (current)
2021-11-11T08:00:00Z,4.1056897733293934e-5,harmonics + GP (current)
2021-11-11T10:00:00Z,0.0019222638193723929,harmonics + GP (current)
2021-11-11T12:00:00Z,1.3035015855527242e-4,harmonics + GP (current)
2021-11-11T14:00:00Z,0.0015556516879261621,harmonics + GP (current)
2021-11-11T16:00:00Z,4.777348005126354e-4,harmonics + GP (current)
2021-11-11T18:00:00Z,1.8884809736645299e-4,harmonics + GP (current)
2021-11-11T20:00:00Z,5.924993738330998e-5,harmonics + GP (current)
2021-11-11T22:00:00Z,4.412968878871056e-4,harmonics + GP (current)
2021-11-12T00:00:00Z,5.317831736231334e-4,harmonics + GP (current)
2021-11-12T02:00:00Z,1.6379213901625392e-4,harmonics + GP (current)
2021-11-12T04:00:00Z,4.8583650980556513e-4,harmonics + GP (current)
2021-11-12T06:00:00Z,6.0771185018087e-5,harmonics + GP (current)
2021-11-12T08:00:00Z,5.7207602415117e-4,harmonics + GP (current)
2021-11-12T10:00:00Z,1.322959161214334e-4,harmonics + GP (current)
2021-11-12T12:00:00Z,2.1575381914809903e-5,harmonics + GP (current)
2021-11-12T14:00:00Z,7.412821980707653e-6,harmonics + GP (current)
2021-11-12T16:00:00Z,1.822921973102553e-4,harmonics + GP (current)
2021-11-12T18:00:00Z,0.0010088803804459787,harmonics + GP (current)
2021-11-12T20:00:00Z,6.53686231829177e-5,harmonics + GP (current)
2021-11-12T22:00:00Z,4.128595701983561e-4,harmonics + GP (current)
2021-11-13T00:00:00Z,7.574198067095893e-4,harmonics + GP (current)
2021-11-13T02:00:00Z,1.8449030800603587e-4,harmonics + GP (current)
2021-11-13T04:00:00Z,1.2286554789244492e-4,harmonics + GP (current)
2021-11-13T06:00:00Z,1.6847185233993935e-5,harmonics + GP (current)
2021-11-13T08:00:00Z,5.963259800917787e-4,harmonics + GP (current)
2021-11-13T10:00:00Z,0.00138174039770498,harmonics + GP (current)
2021-11-13T12:00:00Z,1.5035866627415725e-4,harmonics + GP (current)
2021-11-13T14:00:00Z,8.661744554948553e-5,harmonics + GP (current)
2021-11-13T16:00:00Z,6.797409865287416e-4,harmonics + GP (current)
2021-11-13T18:00:00Z,8.217212787672585e-5,harmonics + GP (current)
2021-11-13T20:00:00Z,1.262704726784891e-4,harmonics + GP (current)
2021-11-13T22:00:00Z,3.5340149438015805e-4,harmonics + GP (current)
2021-11-14T00:00:00Z,2.0651893741548943e-4,harmonics + GP (current)
2021-11-14T02:00:00Z,4.1090070292987815e-5,harmonics + GP (current)
2021-11-14T04:00:00Z,3.946916911994613e-5,harmonics + GP (current)
2021-11-14T06:00:00Z,5.358145635999671e-5,harmonics + GP (current)
2021-11-14T08:00:00Z,3.6351844257333785e-4,harmonics + GP (current)
2021-11-14T10:00:00Z,2.1599290162524997e-4,harmonics + GP (current)
2021-11-14T12:00:00Z,8.486590651831203e-6,harmonics + GP (current)
2021-11-14T14:00:00Z,6.60341443025681e-5,harmonics + GP (current)
2021-11-14T16:00:00Z,4.70518558221497e-6,harmonics + GP (current)
2021-11-14T18:00:00Z,1.7679391106050077e-6,harmonics + GP (current)
2021-11-14T20:00:00Z,6.878018291619025e-5,harmonics + GP (current)
2021-11-14T22:00:00Z,0.0012319961806673135,harmonics + GP (current)
2021-11-15T00:00:00Z,4.095585607693288e-5,harmonics + GP (current)
2021-11-15T02:00:00Z,5.9725548717741595e-5,harmonics + GP (current)
2021-11-15T04:00:00Z,2.5239979873840527e-4,harmonics + GP (current)
2021-11-15T06:00:00Z,1.0997004780863717e-4,harmonics + GP (current)
2021-11-15T08:00:00Z,2.2020715541283742e-5,harmonics + GP (current)
2021-11-15T10:00:00Z,4.72768126895786e-4,harmonics + GP (current)
2021-11-15T12:00:00Z,2.741637634088182e-6,harmonics + GP (current)
2021-11-15T14:00:00Z,2.4534275902632065e-4,harmonics + GP (current)
2021-11-15T16:00:00Z,1.8213146083292892e-6,harmonics + GP (current)
2021-11-15T18:00:00Z,3.574161296056696e-5,harmonics + GP (current)
2021-11-15T20:00:00Z,0.0011357261066200822,harmonics + GP (current)
2021-11-15T22:00:00Z,1.3546639483135285e-4,harmonics + GP (current)
2021-11-16T00:00:00Z,3.197931888990997e-4,harmonics + GP (current)
2021-11-16T02:00:00Z,5.923612840363462e-5,harmonics + GP (current)
2021-11-16T04:00:00Z,2.6504074472181286e-5,harmonics + GP (current)
2021-11-16T06:00:00Z,1.5782643744798692e-4,harmonics + GP (current)
2021-11-16T08:00:00Z,6.102298471374184e-4,harmonics + GP (current)
2021-11-16T10:00:00Z,2.7215640759265748e-5,harmonics + GP (current)
2021-11-16T12:00:00Z,9.515062509324481e-5,harmonics + GP (current)
2021-11-16T14:00:00Z,1.0668133257913356e-5,harmonics + GP (current)
2021-11-16T16:00:00Z,1.3085750891137606e-5,harmonics + GP (current)
2021-11-16T18:00:00Z,8.063695063037325e-6,harmonics + GP (current)
2021-11-16T20:00:00Z,7.969792153821137e-5,harmonics + GP (current)
2021-11-16T22:00:00Z,5.886791294224726e-4,harmonics + GP (current)
2021-11-17T00:00:00Z,6.641223193215652e-4,harmonics + GP (current)
2021-11-17T02:00:00Z,9.455995518339959e-4,harmonics + GP (current)
2021-11-17T04:00:00Z,4.1002620560565844e-4,harmonics + GP (current)
2021-11-17T06:00:00Z,4.451099732724513e-5,harmonics + GP (current)
2021-11-17T08:00:00Z,3.7184930617653985e-4,harmonics + GP (current)
2021-11-17T10:00:00Z,1.51576070612248e-5,harmonics + GP (current)
2021-11-17T12:00:00Z,3.290889170592538e-5,harmonics + GP (current)
2021-11-17T14:00:00Z,3.362256722807667e-5,harmonics + GP (current)
2021-11-17T16:00:00Z,5.2676805949710834e-5,harmonics + GP (current)
2021-11-17T18:00:00Z,2.4287421289505695e-5,harmonics + GP (current)
2021-11-17T20:00:00Z,5.318731782637594e-5,harmonics + GP (current)
2021-11-17T22:00:00Z,3.442696738050895e-5,harmonics + GP (current)
2021-11-18T00:00:00Z,7.739498087297606e-5,harmonics + GP (current)
2021-11-18T02:00:00Z,1.2458904804731408e-4,harmonics + GP (current)
2021-11-18T04:00:00Z,2.757754489347453e-4,harmonics + GP (current)
2021-11-18T06:00:00Z,1.0394747733528172e-4,harmonics + GP (current)
2021-11-18T08:00:00Z,8.210676696266047e-5,harmonics + GP (current)
2021-11-18T10:00:00Z,4.947328166152743e-6,harmonics + GP (current)
2021-11-18T12:00:00Z,1.7433958270218138e-5,harmonics + GP (current)
2021-11-18T14:00:00Z,7.540726834915219e-5,harmonics + GP (current)
2021-11-18T16:00:00Z,3.7846066817439093e-4,harmonics + GP (current)
2021-11-18T18:00:00Z,0.0011929499478850047,harmonics + GP (current)
2021-11-18T20:00:00Z,4.4069418952199477e-4,harmonics + GP (current)
2021-11-18T22:00:00Z,0.0048637086669667305,harmonics + GP (current)
2021-11-19T00:00:00Z,0.0010151708466118498,harmonics + GP (current)
2021-11-19T02:00:00Z,1.7172351149526957e-4,harmonics + GP (current)
2021-11-19T04:00:00Z,9.852250399925252e-5,harmonics + GP (current)
2021-11-19T06:00:00Z,1.7918092191439382e-5,harmonics + GP (current)
2021-11-19T08:00:00Z,7.07421778054745e-4,harmonics + GP (current)
2021-11-19T10:00:00Z,0.0017455945485915479,harmonics + GP (current)
2021-11-19T12:00:00Z,1.817191503815266e-5,harmonics + GP (current)
2021-11-19T14:00:00Z,0.002133395661042531,harmonics + GP (current)
2021-11-19T16:00:00Z,4.48843531641099e-4,harmonics + GP (current)
2021-11-19T18:00:00Z,5.800786512391196e-4,harmonics + GP (current)
2021-11-19T20:00:00Z,6.355556742922584e-4,harmonics + GP (current)
2021-11-19T22:00:00Z,2.409104004868892e-4,harmonics + GP (current)
2021-11-20T00:00:00Z,0.0015032708818074015,harmonics + GP (current)
2021-11-20T02:00:00Z,1.1090702487101988e-5,harmonics + GP (current)
2021-11-20T04:00:00Z,9.751223361570844e-6,harmonics + GP (current)
2021-11-20T06:00:00Z,2.6726813707447916e-5,harmonics + GP (current)
2021-11-20T08:00:00Z,1.742919875988908e-4,harmonics + GP (current)
2021-11-20T10:00:00Z,5.1696542706501755e-5,harmonics + GP (current)
2021-11-20T12:00:00Z,2.2273316550551784e-4,harmonics + GP (current)
2021-11-20T14:00:00Z,6.993014178920366e-4,harmonics + GP (current)
2021-11-20T16:00:00Z,3.700175280643437e-4,harmonics + GP (current)
2021-11-20T18:00:00Z,6.3715446458406115e-6,harmonics + GP (current)
2021-11-20T20:00:00Z,1.1263289938349223e-4,harmonics + GP (current)
2021-11-20T22:00:00Z,3.7313569401352067e-4,harmonics + GP (current)
2021-11-21T00:00:00Z,2.5948287653631417e-5,harmonics + GP (current)
2021-11-21T02:00:00Z,1.315557500984412e-4,harmonics + GP (current)
2021-11-21T04:00:00Z,6.390960032294385e-5,harmonics + GP (current)
2021-11-21T06:00:00Z,9.985230682681733e-6,harmonics + GP (current)
2021-11-21T08:00:00Z,1.6486662687323979e-6,harmonics + GP (current)
2021-11-21T10:00:00Z,0.005592893273921543,harmonics + GP (current)
2021-11-21T12:00:00Z,9.823354293374761e-4,harmonics + GP (current)
2021-11-21T14:00:00Z,4.121946431296513e-5,harmonics + GP (current)
2021-11-21T16:00:00Z,0.0023857476905433813,harmonics + GP (current)
2021-11-21T18:00:00Z,0.004593805494360659,harmonics + GP (current)
2021-11-21T20:00:00Z,3.2577246531021905e-5,harmonics + GP (current)
2021-11-21T22:00:00Z,3.209610056790456e-5,harmonics + GP (current)
2021-11-22T00:00:00Z,1.078011439676994e-4,harmonics + GP (current)
2021-11-22T02:00:00Z,1.0306906460338292e-4,harmonics + GP (current)
2021-11-22T04:00:00Z,3.0555864525329066e-5,harmonics + GP (current)
2021-11-22T06:00:00Z,3.518498922498312e-5,harmonics + GP (current)
2021-11-22T08:00:00Z,0.0034691210358245967,harmonics + GP (current)
2021-11-22T10:00:00Z,4.110049952203822e-4,harmonics + GP (current)
2021-11-22T12:00:00Z,1.4260828697975614e-5,harmonics + GP (current)
2021-11-22T14:00:00Z,2.719017121080855e-4,harmonics + GP (current)
2021-11-22T16:00:00Z,1.816164870284413e-5,harmonics + GP (current)
2021-11-22T18:00:00Z,3.9135234204524464e-5,harmonics + GP (current)
2021-11-22T20:00:00Z,1.3496635256145214e-5,harmonics + GP (current)
2021-11-22T22:00:00Z,5.6927088016579037e-5,harmonics + GP (current)
2021-11-23T00:00:00Z,7.394212456454478e-6,harmonics + GP (current)
2021-11-23T02:00:00Z,3.364548798921239e-5,harmonics + GP (current)
2021-11-23T04:00:00Z,2.3796519139838927e-4,harmonics + GP (current)
2021-11-23T06:00:00Z,7.377758211111128e-5,harmonics + GP (current)
2021-11-23T08:00:00Z,2.4802517036996026e-5,harmonics + GP (current)
2021-11-23T10:00:00Z,2.3774260268682158e-4,harmonics + GP (current)
2021-11-23T12:00:00Z,3.7120651962021145e-4,harmonics + GP (current)
2021-11-23T14:00:00Z,7.392037114842508e-6,harmonics + GP (current)
2021-11-23T16:00:00Z,3.1935087712434146e-4,harmonics + GP (current)
2021-11-23T18:00:00Z,1.6823089558163685e-4,harmonics + GP (current)
2021-11-23T20:00:00Z,1.3065153137272113e-4,harmonics + GP (current)
2021-11-23T22:00:00Z,1.9227704355871366e-4,harmonics + GP (current)
2021-11-24T00:00:00Z,2.2556129345614251e-4,harmonics + GP (current)
2021-11-24T02:00:00Z,7.626546488148634e-5,harmonics + GP (current)
2021-11-24T04:00:00Z,8.811228464786763e-6,harmonics + GP (current)
2021-11-24T06:00:00Z,2.834480630857594e-5,harmonics + GP (current)
2021-11-24T08:00:00Z,2.2501748383103867e-4,harmonics + GP (current)
2021-11-24T10:00:00Z,1.6972768165917295e-4,harmonics + GP (current)
2021-11-24T12:00:00Z,5.297145193256603e-5,harmonics + GP (current)
2021-11-24T14:00:00Z,7.542456256649095e-6,harmonics + GP (current)
2021-11-24T16:00:00Z,9.139506327392243e-5,harmonics + GP (current)
2021-11-24T18:00:00Z,3.50109613480757e-5,harmonics + GP (current)
2021-11-24T20:00:00Z,2.4028361928077284e-4,harmonics + GP (current)
2021-11-24T22:00:00Z,0.0023884271456106527,harmonics + GP (current)
2021-11-25T00:00:00Z,2.4863797688796593e-4,harmonics + GP (current)
2021-11-25T02:00:00Z,3.0801115656057064e-6,harmonics + GP (current)
2021-11-25T04:00:00Z,5.03736205953637e-5,harmonics + GP (current)
2021-11-25T06:00:00Z,1.8470748642115272e-4,harmonics + GP (current)
2021-11-25T08:00:00Z,0.0017644062422977193,harmonics + GP (current)
2021-11-25T10:00:00Z,5.303044557297107e-5,harmonics + GP (current)
2021-11-25T12:00:00Z,2.4258572361775165e-4,harmonics + GP (current)
2021-11-25T14:00:00Z,1.5904784369205992e-4,harmonics + GP (current)
2021-11-25T16:00:00Z,3.1402405816979265e-4,harmonics + GP (current)
2021-11-25T18:00:00Z,2.0819863614230454e-5,harmonics + GP (current)
2021-11-25T20:00:00Z,3.4675891799808154e-4,harmonics + GP (current)
2021-11-25T22:00:00Z,9.666050325279153e-4,harmonics + GP (current)
2021-11-26T00:00:00Z,2.602440095146471e-4,harmonics + GP (current)
2021-11-26T02:00:00Z,5.073309840636192e-5,harmonics + GP (current)
2021-11-26T04:00:00Z,4.510911629623039e-5,harmonics + GP (current)
2021-11-26T06:00:00Z,3.550817983123836e-4,harmonics + GP (current)
2021-11-26T08:00:00Z,8.642786535582483e-5,harmonics + GP (current)
2021-11-26T10:00:00Z,1.2129420535828291e-5,harmonics + GP (current)
2021-11-26T12:00:00Z,1.1721230483993796e-4,harmonics + GP (current)
2021-11-26T14:00:00Z,3.1742518665837114e-4,harmonics + GP (current)
2021-11-26T16:00:00Z,5.099494608656324e-4,harmonics + GP (current)
2021-11-26T18:00:00Z,0.0032188968639679633,harmonics + GP (current)
2021-11-26T20:00:00Z,2.4409086826153318e-4,harmonics + GP (current)
2021-11-26T22:00:00Z,2.3766485353603793e-5,harmonics + GP (current)
2021-11-27T00:00:00Z,1.9182472398271197e-4,harmonics + GP (current)
2021-11-27T02:00:00Z,4.209955126491229e-5,harmonics + GP (current)
2021-11-27T04:00:00Z,1.564858167513674e-4,harmonics + GP (current)
2021-11-27T06:00:00Z,1.850327530789572e-4,harmonics + GP (current)
2021-11-27T08:00:00Z,0.0018606853136986146,harmonics + GP (current)
2021-11-27T10:00:00Z,3.5912862720042626e-5,harmonics + GP (current)
2021-11-27T12:00:00Z,6.543944676855632e-6,harmonics + GP (current)
2021-11-27T14:00:00Z,1.3976283613947955e-4,harmonics + GP (current)
2021-11-27T16:00:00Z,2.1524858208148937e-4,harmonics + GP (current)
2021-11-27T18:00:00Z,1.221779420449946e-4,harmonics + GP (current)
2021-11-27T20:00:00Z,7.922986898559367e-4,harmonics + GP (current)
2021-11-27T22:00:00Z,1.2723515926297195e-5,harmonics + GP (current)
2021-11-28T00:00:00Z,7.583767801458656e-5,harmonics + GP (current)
2021-11-28T02:00:00Z,2.2641665581887584e-5,harmonics + GP (current)
2021-11-28T04:00:00Z,5.157582418691673e-4,harmonics + GP (current)
2021-11-28T06:00:00Z,1.0521138045902102e-5,harmonics + GP (current)
2021-11-28T08:00:00Z,1.8229373620631565e-5,harmonics + GP (current)
2021-11-28T10:00:00Z,1.2172841316656952e-4,harmonics + GP (current)
2021-11-28T12:00:00Z,1.0952529952145587e-4,harmonics + GP (current)
2021-11-28T14:00:00Z,1.796024247963333e-4,harmonics + GP (current)
2021-11-28T16:00:00Z,1.2433306531852152e-4,harmonics + GP (current)
2021-11-28T18:00:00Z,7.83261766620748e-5,harmonics + GP (current)
2021-11-28T20:00:00Z,8.384773266232255e-7,harmonics + GP (current)
2021-11-28T22:00:00Z,1.2489379555105252e-4,harmonics + GP (current)
2021-11-29T00:00:00Z,4.6387479814090066e-5,harmonics + GP (current)
2021-11-29T02:00:00Z,4.398778654674315e-6,harmonics + GP (current)
2021-11-29T04:00:00Z,5.613762758749935e-5,harmonics + GP (current)
2021-11-29T06:00:00Z,1.7521987995567195e-5,harmonics + GP (current)
2021-11-29T08:00:00Z,2.9743597635222463e-6,harmonics + GP (current)
2021-11-29T10:00:00Z,2.691565517478446e-5,harmonics + GP (current)
2021-11-29T12:00:00Z,1.4069093201738103e-4,harmonics + GP (current)
2021-11-29T14:00:00Z,0.0011665508456598502,harmonics + GP (current)
2021-11-29T16:00:00Z,5.159751439689295e-6,harmonics + GP (current)
2021-11-29T18:00:00Z,6.604277440520087e-5,harmonics + GP (current)
2021-11-29T20:00:00Z,8.173585994117777e-6,harmonics + GP (current)
2021-11-29T22:00:00Z,1.3654919493139497e-4,harmonics + GP (current)
2021-11-30T00:00:00Z,1.3573035249990983e-4,harmonics + GP (current)
2021-11-30T02:00:00Z,1.9428043348268515e-5,harmonics + GP (current)
2021-11-30T04:00:00Z,3.622436011229589e-5,harmonics + GP (current)
2021-11-30T06:00:00Z,2.546597557288365e-4,harmonics + GP (current)
2021-11-30T08:00:00Z,2.2030881037045347e-4,harmonics + GP (current)
2021-11-30T10:00:00Z,1.3557176001609123e-4,harmonics + GP (current)
2021-11-30T12:00:00Z,8.612064664454546e-6,harmonics + GP (current)
2021-11-30T14:00:00Z,1.1228035451286526e-5,harmonics + GP (current)
2021-11-30T16:00:00Z,4.80703641596821e-5,harmonics + GP (current)
2021-11-30T18:00:00Z,1.9163214283272797e-4,harmonics + GP (current)
2021-11-30T20:00:00Z,4.650670845306441e-6,harmonics + GP (current)
2021-11-30T22:00:00Z,1.2432953483479595e-4,harmonics + GP (current)
2021-12-01T00:00:00Z,2.662686339007792e-4,harmonics + GP (current)
2021-12-01T02:00:00Z,2.9960115849127626e-6,harmonics + GP (current)
2021-12-01T04:00:00Z,8.771510198084359e-5,harmonics + GP (current)
2021-12-01T06:00:00Z,2.8831910520237126e-6,harmonics + GP (current)
2021-12-01T08:00:00Z,2.5530955376460986e-4,harmonics + GP (current)
2021-12-01T10:00:00Z,5.4772852059526246e-6,harmonics + GP (current)
2021-12-01T12:00:00Z,2.874921833901651e-4,harmonics + GP (current)
2021-12-01T14:00:00Z,0.0013123352312696466,harmonics + GP (current)
2021-12-01T16:00:00Z,4.228605759810979e-4,harmonics + GP (current)
2021-12-01T18:00:00Z,0.014211580483224396,harmonics + GP (current)
2021-12-01T20:00:00Z,1.9229341513276406e-4,harmonics + GP (current)
2021-12-01T22:00:00Z,3.5619975424754167e-4,harmonics + GP (current)
2021-12-02T00:00:00Z,0.0014688912469110699,harmonics + GP (current)
2021-12-02T02:00:00Z,1.968259084148689e-4,harmonics + GP (current)
2021-12-02T04:00:00Z,3.6537486824624096e-5,harmonics + GP (current)
2021-12-02T06:00:00Z,1.5052513564632042e-5,harmonics + GP (current)
2021-12-02T08:00:00Z,1.1914753907145522e-5,harmonics + GP (current)
2021-12-02T10:00:00Z,0.0010195363813124653,harmonics + GP (current)
2021-12-02T12:00:00Z,1.766172538455264e-4,harmonics + GP (current)
2021-12-02T14:00:00Z,5.9758473811952265e-5,harmonics + GP (current)
2021-12-02T16:00:00Z,9.407388062688017e-4,harmonics + GP (current)
2021-12-02T18:00:00Z,0.001151334354237849,harmonics + GP (current)
2021-12-02T20:00:00Z,0.003700845949988022,harmonics + GP (current)
2021-12-02T22:00:00Z,0.002566188836355235,harmonics + GP (current)
2021-12-03T00:00:00Z,2.8533759478828463e-4,harmonics + GP (current)
2021-12-03T02:00:00Z,0.004918259380053616,harmonics + GP (current)
2021-12-03T04:00:00Z,1.0057046017617571e-4,harmonics + GP (current)
2021-12-03T06:00:00Z,3.6179164568093514e-5,harmonics + GP (current)
2021-12-03T08:00:00Z,7.558673454199855e-4,harmonics + GP (current)
2021-12-03T10:00:00Z,7.427062577848805e-5,harmonics + GP (current)
2021-12-03T12:00:00Z,1.5314127769610914e-5,harmonics + GP (current)
2021-12-03T14:00:00Z,3.130389834292641e-5,harmonics + GP (current)
2021-12-03T16:00:00Z,7.1637208647679175e-6,harmonics + GP (current)
2021-12-03T18:00:00Z,3.6909711661085234e-5,harmonics + GP (current)
2021-12-03T20:00:00Z,3.976601032526271e-6,harmonics + GP (current)
2021-12-03T22:00:00Z,2.0303525711642137e-4,harmonics + GP (current)
2021-12-04T00:00:00Z,2.8371486818668846e-4,harmonics + GP (current)
2021-12-04T02:00:00Z,2.3098717082908833e-4,harmonics + GP (current)
2021-12-04T04:00:00Z,6.22739833895672e-4,harmonics + GP (current)
2021-12-04T06:00:00Z,1.5423464544626835e-4,harmonics + GP (current)
2021-12-04T08:00:00Z,9.3532641217519e-6,harmonics + GP (current)
2021-12-04T10:00:00Z,9.226197953516363e-4,harmonics + GP (current)
2021-12-04T12:00:00Z,0.00961983975869202,harmonics + GP (current)
2021-12-04T14:00:00Z,5.991828266812211e-4,harmonics + GP (current)
2021-12-04T16:00:00Z,0.001130851645153983,harmonics + GP (current)
2021-12-04T18:00:00Z,6.817901343308841e-4,harmonics + GP (current)
2021-12-04T20:00:00Z,3.0680403882039854e-4,harmonics + GP (current)
2021-12-04T22:00:00Z,0.0019469550824493336,harmonics + GP (current)
2021-12-05T00:00:00Z,1.582309077596781e-4,harmonics + GP (current)
2021-12-05T02:00:00Z,7.207943020058169e-5,harmonics + GP (current)
2021-12-05T04:00:00Z,3.859330659846129e-4,harmonics + GP (current)
2021-12-05T06:00:00Z,9.84139332140971e-5,harmonics + GP (current)
2021-12-05T08:00:00Z,1.2531021126675981e-4,harmonics + GP (current)
2021-12-05T10:00:00Z,0.002323419268375798,harmonics + GP (current)
2021-12-05T12:00:00Z,9.533359217496208e-6,harmonics + GP (current)
2021-12-05T14:00:00Z,0.003721028133308078,harmonics + GP (current)
2021-12-05T16:00:00Z,0.001709561516041463,harmonics + GP (current)
2021-12-05T18:00:00Z,0.0023285538586107673,harmonics + GP (current)
2021-12-05T20:00:00Z,6.0542488696728386e-5,harmonics + GP (current)
2021-12-05T22:00:00Z,0.0018959488851915708,harmonics + GP (current)
2021-12-06T00:00:00Z,4.453571343248819e-5,harmonics + GP (current)
2021-12-06T02:00:00Z,2.2900918064996723e-5,harmonics + GP (current)
2021-12-06T04:00:00Z,1.821822097219253e-4,harmonics + GP (current)
2021-12-06T06:00:00Z,8.634149984384084e-5,harmonics + GP (current)
2021-12-06T08:00:00Z,1.830752870081151e-5,harmonics + GP (current)
2021-12-06T10:00:00Z,2.8624818725538202e-6,harmonics + GP (current)
2021-12-06T12:00:00Z,3.602299404924511e-5,harmonics + GP (current)
2021-12-06T14:00:00Z,0.0014120473531955122,harmonics + GP (current)
2021-12-06T16:00:00Z,1.8414543718843183e-5,harmonics + GP (current)
2021-12-06T18:00:00Z,1.2029871307655659e-5,harmonics + GP (current)
2021-12-06T20:00:00Z,9.258340185669526e-5,harmonics + GP (current)
2021-12-06T22:00:00Z,7.623096195428257e-5,harmonics + GP (current)
2021-12-07T00:00:00Z,1.2623660380694203e-4,harmonics + GP (current)
2021-12-07T02:00:00Z,6.018501180815708e-6,harmonics + GP (current)
2021-12-07T04:00:00Z,4.7800497410973226e-5,harmonics + GP (current)
2021-12-07T06:00:00Z,9.203220204888954e-4,harmonics + GP (current)
2021-12-07T08:00:00Z,8.930204244732531e-4,harmonics + GP (current)
2021-12-07T10:00:00Z,3.362443532001289e-4,harmonics + GP (current)
2021-12-07T12:00:00Z,2.1973355604903058e-4,harmonics + GP (current)
2021-12-07T14:00:00Z,1.8975269980399747e-4,harmonics + GP (current)
2021-12-07T16:00:00Z,1.5386731513580823e-4,harmonics + GP (current)
2021-12-07T18:00:00Z,7.543116623906794e-4,harmonics + GP (current)
2021-12-07T20:00:00Z,2.785668467763507e-4,harmonics + GP (current)
2021-12-07T22:00:00Z,3.6050508911101566e-4,harmonics + GP (current)
2021-12-08T00:00:00Z,2.1280278745565824e-4,harmonics + GP (current)
2021-12-08T02:00:00Z,1.552846272537844e-4,harmonics + GP (current)
2021-12-08T04:00:00Z,5.286756367711771e-4,harmonics + GP (current)
2021-12-08T06:00:00Z,1.2621614254548877e-4,harmonics + GP (current)
2021-12-08T08:00:00Z,1.3409134542668815e-4,harmonics + GP (current)
2021-12-08T10:00:00Z,3.991242716240378e-6,harmonics + GP (current)
2021-12-08T12:00:00Z,4.7689095653891567e-4,harmonics + GP (current)
2021-12-08T14:00:00Z,0.0022853875267569482,harmonics + GP (current)
2021-12-08T16:00:00Z,1.8401278690333297e-4,harmonics + GP (current)
2021-12-08T18:00:00Z,3.088230794991085e-4,harmonics + GP (current)
2021-12-08T20:00:00Z,2.5733333780215777e-4,harmonics + GP (current)
2021-12-08T22:00:00Z,1.697555327290193e-5,harmonics + GP (current)
2021-12-09T00:00:00Z,0.018809502168450377,harmonics + GP (current)
2021-12-09T02:00:00Z,7.147017791430421e-4,harmonics + GP (current)
2021-12-09T04:00:00Z,8.35437887194445e-4,harmonics + GP (current)
2021-12-09T06:00:00Z,1.1002407338623504e-4,harmonics + GP (current)
2021-12-09T08:00:00Z,0.0020137510711127683,harmonics + GP (current)
2021-12-09T10:00:00Z,0.009369775508648811,harmonics + GP (current)
2021-12-09T12:00:00Z,8.033170736891923e-4,harmonics + GP (current)
2021-12-09T14:00:00Z,3.967457706941312e-4,harmonics + GP (current)
2021-12-09T16:00:00Z,2.763775318054386e-4,harmonics + GP (current)
2021-12-09T18:00:00Z,1.7145045512291515e-4,harmonics + GP (current)
2021-12-09T20:00:00Z,0.0027296043034409413,harmonics + GP (current)
2021-12-09T22:00:00Z,6.500296802071472e-4,harmonics + GP (current)
2021-12-10T00:00:00Z,0.003077982799644567,harmonics + GP (current)
2021-12-10T02:00:00Z,2.876856694295308e-4,harmonics + GP (current)
2021-12-10T04:00:00Z,5.0277562401330875e-5,harmonics + GP (current)
2021-12-10T06:00:00Z,2.141557212872073e-4,harmonics + GP (current)
2021-12-10T08:00:00Z,1.7187147611932458e-4,harmonics + GP (current)
2021-12-10T10:00:00Z,0.0011165905717081019,harmonics + GP (current)
2021-12-10T12:00:00Z,4.1179682308450814e-5,harmonics + GP (current)
2021-12-10T14:00:00Z,1.7606521389921354e-4,harmonics + GP (current)
2021-12-10T16:00:00Z,2.4227700782818222e-4,harmonics + GP (current)
2021-12-10T18:00:00Z,0.0010959067441593366,harmonics + GP (current)
2021-12-10T20:00:00Z,0.005009448974828989,harmonics + GP (current)
2021-12-10T22:00:00Z,0.001989736343377528,harmonics + GP (current)
2021-12-11T00:00:00Z,6.045429544826371e-4,harmonics + GP (current)
2021-12-11T02:00:00Z,1.56209435492514e-4,harmonics + GP (current)
2021-12-11T04:00:00Z,6.160679100280393e-5,harmonics + GP (current)
2021-12-11T06:00:00Z,1.2409299824558843e-5,harmonics + GP (current)
2021-12-11T08:00:00Z,3.913049119129979e-6,harmonics + GP (current)
2021-12-11T10:00:00Z,6.973074397829605e-5,harmonics + GP (current)
2021-12-11T12:00:00Z,1.8903576402823046e-5,harmonics + GP (current)
2021-12-11T14:00:00Z,2.6114952749778863e-4,harmonics + GP (current)
2021-12-11T16:00:00Z,1.3009788761448205e-4,harmonics + GP (current)
2021-12-11T18:00:00Z,4.914857593600164e-5,harmonics + GP (current)
2021-12-11T20:00:00Z,0.0021467530123968842,harmonics + GP (current)
2021-12-11T22:00:00Z,1.6623055743210668e-6,harmonics + GP (current)
2021-12-12T00:00:00Z,3.1491315598092284e-5,harmonics + GP (current)
2021-12-12T02:00:00Z,0.0032629916228907093,harmonics + GP (current)
2021-12-12T04:00:00Z,4.718459020295033e-4,harmonics + GP (current)
2021-12-12T06:00:00Z,1.2914641890085355e-4,harmonics + GP (current)
2021-12-12T08:00:00Z,1.917555782673803e-4,harmonics + GP (current)
2021-12-12T10:00:00Z,4.8777577008743346e-4,harmonics + GP (current)
2021-12-12T12:00:00Z,1.7051387515863123e-4,harmonics + GP (current)
2021-12-12T14:00:00Z,2.4685962564581178e-5,harmonics + GP (current)
2021-12-12T16:00:00Z,2.120986551741192e-5,harmonics + GP (current)
2021-12-12T18:00:00Z,1.1068735635604942e-4,harmonics + GP (current)
2021-12-12T20:00:00Z,1.568653716020463e-4,harmonics + GP (current)
2021-12-12T22:00:00Z,0.0019718192838112845,harmonics + GP (current)
2021-12-13T00:00:00Z,0.0016028537810938153,harmonics + GP (current)
2021-12-13T02:00:00Z,1.5105199694727064e-4,harmonics + GP (current)
2021-12-13T04:00:00Z,3.707857494923661e-5,harmonics + GP (current)
2021-12-13T06:00:00Z,4.1404448663031956e-6,harmonics + GP (current)
2021-12-13T08:00:00Z,2.190673805528437e-5,harmonics + GP (current)
2021-12-13T10:00:00Z,2.557131358184568e-4,harmonics + GP (current)
2021-12-13T12:00:00Z,1.8471230001113273e-4,harmonics + GP (current)
2021-12-13T14:00:00Z,4.629928631978714e-5,harmonics + GP (current)
2021-12-13T16:00:00Z,4.619250119940112e-5,harmonics + GP (current)
2021-12-13T18:00:00Z,2.221983322430255e-4,harmonics + GP (current)
2021-12-13T20:00:00Z,5.059505750919931e-6,harmonics + GP (current)
2021-12-13T22:00:00Z,3.1634863170396235e-4,harmonics + GP (current)
2021-12-14T00:00:00Z,1.411123960794741e-4,harmonics + GP (current)
2021-12-14T02:00:00Z,1.2100685036909466e-5,harmonics + GP (current)
2021-12-14T04:00:00Z,7.699965965599705e-5,harmonics + GP (current)
2021-12-14T06:00:00Z,2.733719206932054e-4,harmonics + GP (current)
2021-12-14T08:00:00Z,6.197001432125175e-5,harmonics + GP (current)
2021-12-14T10:00:00Z,1.3976266548495884e-4,harmonics + GP (current)
2021-12-14T12:00:00Z,1.577844139776979e-4,harmonics + GP (current)
2021-12-14T14:00:00Z,3.02556220808852e-5,harmonics + GP (current)
2021-12-14T16:00:00Z,2.443415580845861e-4,harmonics + GP (current)
2021-12-14T18:00:00Z,8.927294573002823e-5,harmonics + GP (current)
2021-12-14T20:00:00Z,2.549108883878772e-4,harmonics + GP (current)
2021-12-14T22:00:00Z,5.61123322449111e-4,harmonics + GP (current)
2021-12-15T00:00:00Z,4.064330915342802e-4,harmonics + GP (current)
2021-12-15T02:00:00Z,2.0882578460066755e-4,harmonics + GP (current)
2021-12-15T04:00:00Z,1.0985638466660369e-4,harmonics + GP (current)
2021-12-15T06:00:00Z,2.333357671345773e-4,harmonics + GP (current)
2021-12-15T08:00:00Z,1.0723634790148353e-4,harmonics + GP (current)
2021-12-15T10:00:00Z,2.1806577819381715e-4,harmonics + GP (current)
2021-12-15T12:00:00Z,0.0024238984121344146,harmonics + GP (current)
2021-12-15T14:00:00Z,1.7611606219361715e-5,harmonics + GP (current)
2021-12-15T16:00:00Z,0.00234837214752009,harmonics + GP (current)
2021-12-15T18:00:00Z,7.313262013584802e-5,harmonics + GP (current)
2021-12-15T20:00:00Z,4.1407228464833764e-4,harmonics + GP (current)
2021-12-15T22:00:00Z,2.9229791200660436e-4,harmonics + GP (current)
2021-12-16T00:00:00Z,8.301453608581502e-4,harmonics + GP (current)
2021-12-16T02:00:00Z,0.003446552509132651,harmonics + GP (current)
2021-12-16T04:00:00Z,6.078426937738391e-6,harmonics + GP (current)
2021-12-16T06:00:00Z,0.001025133121920228,harmonics + GP (current)
2021-12-16T08:00:00Z,4.194466728216975e-5,harmonics + GP (current)
2021-12-16T10:00:00Z,2.5218300617726964e-4,harmonics + GP (current)
2021-12-16T12:00:00Z,8.43034120007197e-6,harmonics + GP (current)
2021-12-16T14:00:00Z,9.290382832783124e-5,harmonics + GP (current)
2021-12-16T16:00:00Z,1.2938915790729702e-5,harmonics + GP (current)
2021-12-16T18:00:00Z,5.068235489261081e-4,harmonics + GP (current)
2021-12-16T20:00:00Z,1.1116287475405042e-4,harmonics + GP (current)
2021-12-16T22:00:00Z,4.995772460931469e-4,harmonics + GP (current)
2021-12-17T00:00:00Z,0.005574073095945846,harmonics + GP (current)
2021-12-17T02:00:00Z,0.0032847733174775702,harmonics + GP (current)
2021-12-17T04:00:00Z,0.0013622305222138543,harmonics + GP (current)
2021-12-17T06:00:00Z,8.48956263811513e-6,harmonics + GP (current)
2021-12-17T08:00:00Z,3.6838296954176995e-4,harmonics + GP (current)
2021-12-17T10:00:00Z,1.2721030173892952e-4,harmonics + GP (current)
2021-12-17T12:00:00Z,1.649878434684808e-5,harmonics + GP (current)
2021-12-17T14:00:00Z,1.4288610243306024e-4,harmonics + GP (current)
2021-12-17T16:00:00Z,2.051723342448111e-4,harmonics + GP (current)
2021-12-17T18:00:00Z,0.003198485027741788,harmonics + GP (current)
2021-12-17T20:00:00Z,6.733989622062795e-4,harmonics + GP (current)
2021-12-17T22:00:00Z,0.0028090698525917216,harmonics + GP (current)
2021-12-18T00:00:00Z,0.00425413874300492,harmonics + GP (current)
2021-12-18T02:00:00Z,8.336714003076307e-4,harmonics + GP (current)
2021-12-18T04:00:00Z,1.332110976479573e-4,harmonics + GP (current)
2021-12-18T06:00:00Z,0.0021578792968468406,harmonics + GP (current)
2021-12-18T08:00:00Z,3.6009339824908467e-4,harmonics + GP (current)
2021-12-18T10:00:00Z,2.491820145404975e-4,harmonics + GP (current)
2021-12-18T12:00:00Z,3.7878020517143505e-5,harmonics + GP (current)
2021-12-18T14:00:00Z,0.004211024257243474,harmonics + GP (current)
2021-12-18T16:00:00Z,0.013551170744006247,harmonics + GP (current)
2021-12-18T18:00:00Z,4.262623363778518e-4,harmonics + GP (current)
2021-12-18T20:00:00Z,1.3528861721916107e-5,harmonics + GP (current)
2021-12-18T22:00:00Z,0.003729040883038884,harmonics + GP (current)
2021-12-19T00:00:00Z,0.0018401549613497503,harmonics + GP (current)
2021-12-19T02:00:00Z,0.0031562793184198674,harmonics + GP (current)
2021-12-19T04:00:00Z,1.5772514604539791e-4,harmonics + GP (current)
2021-12-19T06:00:00Z,5.827880430508597e-4,harmonics + GP (current)
2021-12-19T08:00:00Z,0.0021654245955098667,harmonics + GP (current)
2021-12-19T10:00:00Z,1.2930733739403367e-5,harmonics + GP (current)
2021-12-19T12:00:00Z,9.958213000159233e-5,harmonics + GP (current)
2021-12-19T14:00:00Z,2.1111640304996405e-4,harmonics + GP (current)
2021-12-19T16:00:00Z,1.8389695449351994e-4,harmonics + GP (current)
2021-12-19T18:00:00Z,1.4656643710460744e-4,harmonics + GP (current)
2021-12-19T20:00:00Z,0.0018359364785988058,harmonics + GP (current)
2021-12-19T22:00:00Z,4.736010700769712e-4,harmonics + GP (current)
2021-12-20T00:00:00Z,1.995948894928891e-4,harmonics + GP (current)
2021-12-20T02:00:00Z,0.0011201287010308254,harmonics + GP (current)
2021-12-20T04:00:00Z,3.019772452905826e-4,harmonics + GP (current)
2021-12-20T06:00:00Z,2.0706711377576218e-4,harmonics + GP (current)
2021-12-20T08:00:00Z,2.4646948530240826e-6,harmonics + GP (current)
2021-12-20T10:00:00Z,8.444860046959188e-5,harmonics + GP (current)
2021-12-20T12:00:00Z,2.3178244333466378e-4,harmonics + GP (current)
2021-12-20T14:00:00Z,0.00161797887325399,harmonics + GP (current)
2021-12-20T16:00:00Z,4.072769705758127e-4,harmonics + GP (current)
2021-12-20T18:00:00Z,0.0012758110942199417,harmonics + GP (current)
2021-12-20T20:00:00Z,0.0012708243522327062,harmonics + GP (current)
2021-12-20T22:00:00Z,7.142793964855294e-5,harmonics + GP (current)
2021-12-21T00:00:00Z,5.7072247738384635e-5,harmonics + GP (current)
2021-12-21T02:00:00Z,1.3040010647243558e-4,harmonics + GP (current)
2021-12-21T04:00:00Z,4.7495353093518364e-4,harmonics + GP (current)
2021-12-21T06:00:00Z,2.513163388152958e-4,harmonics + GP (current)
2021-12-21T08:00:00Z,8.086343970240754e-5,harmonics + GP (current)
2021-12-21T10:00:00Z,6.128050851507592e-4,harmonics + GP (current)
2021-12-21T12:00:00Z,2.1037686904504298e-4,harmonics + GP (current)
2021-12-21T14:00:00Z,0.0012484893322793498,harmonics + GP (current)
2021-12-21T16:00:00Z,0.001237386015560291,harmonics + GP (current)
2021-12-21T18:00:00Z,0.0027157565022460583,harmonics + GP (current)
2021-12-21T20:00:00Z,2.3524946496832367e-5,harmonics + GP (current)
2021-12-21T22:00:00Z,0.004931836065727135,harmonics + GP (current)
2021-12-22T00:00:00Z,2.0382566232189902e-4,harmonics + GP (current)
2021-12-22T02:00:00Z,6.565838542546425e-4,harmonics + GP (current)
2021-12-22T04:00:00Z,2.6538089191788987e-4,harmonics + GP (current)
2021-12-22T06:00:00Z,7.737854789100803e-6,harmonics + GP (current)
2021-12-22T08:00:00Z,0.004810698657509662,harmonics + GP (current)
2021-12-22T10:00:00Z,4.721545319764721e-4,harmonics + GP (current)
2021-12-22T12:00:00Z,5.781977972846292e-4,harmonics + GP (current)
2021-12-22T14:00:00Z,0.007542794433181896,harmonics + GP (current)
2021-12-22T16:00:00Z,0.0012164300515459423,harmonics + GP (current)
2021-12-22T18:00:00Z,6.910043168833077e-5,harmonics + GP (current)
2021-12-22T20:00:00Z,2.3866436672033265e-4,harmonics + GP (current)
2021-12-22T22:00:00Z,1.3318174397584573e-4,harmonics + GP (current)
2021-12-23T00:00:00Z,2.55559623168359e-4,harmonics + GP (current)
2021-12-23T02:00:00Z,2.3888214622457023e-5,harmonics + GP (current)
2021-12-23T04:00:00Z,2.445614661868223e-4,harmonics + GP (current)
2021-12-23T06:00:00Z,3.79517199668254e-6,harmonics + GP (current)
2021-12-23T08:00:00Z,2.079269818746593e-6,harmonics + GP (current)
2021-12-23T10:00:00Z,1.386431182929914e-5,harmonics + GP (current)
2021-12-23T12:00:00Z,0.0014617750788846618,harmonics + GP (current)
2021-12-23T14:00:00Z,1.7858434322964134e-6,harmonics + GP (current)
2021-12-23T16:00:00Z,5.413864529407128e-6,harmonics + GP (current)
2021-12-23T18:00:00Z,1.1430564275488156e-5,harmonics + GP (current)
2021-12-23T20:00:00Z,4.875525582695263e-4,harmonics + GP (current)
2021-12-23T22:00:00Z,0.002513967330165533,harmonics + GP (current)
2021-12-24T00:00:00Z,4.477633053806757e-4,harmonics + GP (current)
2021-12-24T02:00:00Z,3.1966131099164986e-4,harmonics + GP (current)
2021-12-24T04:00:00Z,2.7163886114138334e-4,harmonics + GP (current)
2021-12-24T06:00:00Z,1.0174780589305333e-4,harmonics + GP (current)
2021-12-24T08:00:00Z,1.6250698420549546e-5,harmonics + GP (current)
2021-12-24T10:00:00Z,1.9926806381244427e-5,harmonics + GP (current)
2021-12-24T12:00:00Z,0.001019198644617329,harmonics + GP (current)
2021-12-24T14:00:00Z,2.882213466727999e-5,harmonics + GP (current)
2021-12-24T16:00:00Z,3.768907481787139e-6,harmonics + GP (current)
2021-12-24T18:00:00Z,6.164153695687633e-5,harmonics + GP (current)
2021-12-24T20:00:00Z,1.3464029352588914e-4,harmonics + GP (current)
2021-12-24T22:00:00Z,0.0026080927077239235,harmonics + GP (current)
2021-12-25T00:00:00Z,7.803971384752779e-4,harmonics + GP (current)
2021-12-25T02:00:00Z,0.002070048984168274,harmonics + GP (current)
2021-12-25T04:00:00Z,0.0013783574446969062,harmonics + GP (current)
2021-12-25T06:00:00Z,0.001748984906752848,harmonics + GP (current)
2021-12-25T08:00:00Z,9.258945380499223e-4,harmonics + GP (current)
2021-12-25T10:00:00Z,4.3204090753547214e-4,harmonics + GP (current)
2021-12-25T12:00:00Z,4.93977611776279e-4,harmonics + GP (current)
2021-12-25T14:00:00Z,1.2537494131899525e-4,harmonics + GP (current)
2021-12-25T16:00:00Z,5.917989232739031e-4,harmonics + GP (current)
2021-12-25T18:00:00Z,2.631962878583764e-4,harmonics + GP (current)
2021-12-25T20:00:00Z,0.0036488991237316154,harmonics + GP (current)
2021-12-25T22:00:00Z,9.078127357758644e-4,harmonics + GP (current)
2021-12-26T00:00:00Z,0.0010698558819864322,harmonics + GP (current)
2021-12-26T02:00:00Z,7.800426219762816e-5,harmonics + GP (current)
2021-12-26T04:00:00Z,0.0022332367784591274,harmonics + GP (current)
2021-12-26T06:00:00Z,9.891683369123279e-5,harmonics + GP (current)
2021-12-26T08:00:00Z,1.5412589172016447e-4,harmonics + GP (current)
2021-12-26T10:00:00Z,4.288116598146832e-5,harmonics + GP (current)
2021-12-26T12:00:00Z,1.5641303295541367e-4,harmonics + GP (current)
2021-12-26T14:00:00Z,1.3233734779212315e-5,harmonics + GP (current)
2021-12-26T16:00:00Z,1.9564886899697998e-5,harmonics + GP (current)
2021-12-26T18:00:00Z,2.3317283423098648e-4,harmonics + GP (current)
2021-12-26T20:00:00Z,2.9488555751534066e-5,harmonics + GP (current)
2021-12-26T22:00:00Z,1.6658792242440015e-4,harmonics + GP (current)
2021-12-27T00:00:00Z,3.573817716955739e-5,harmonics + GP (current)
2021-12-27T02:00:00Z,2.0022817578787367e-4,harmonics + GP (current)
2021-12-27T04:00:00Z,7.547797813896332e-5,harmonics + GP (current)
2021-12-27T06:00:00Z,1.0889183613802068e-4,harmonics + GP (current)
2021-12-27T08:00:00Z,4.4222391825967964e-5,harmonics + GP (current)
2021-12-27T10:00:00Z,1.8941342335194e-4,harmonics + GP (current)
2021-12-27T12:00:00Z,8.452792147791446e-4,harmonics + GP (current)
2021-12-27T14:00:00Z,4.6341112776237705e-5,harmonics + GP (current)
2021-12-27T16:00:00Z,0.004287694752342961,harmonics + GP (current)
2021-12-27T18:00:00Z,0.0018986202354507318,harmonics + GP (current)
2021-12-27T20:00:00Z,1.0319457948386293e-5,harmonics + GP (current)
2021-12-27T22:00:00Z,6.681161411468106e-5,harmonics + GP (current)
2021-12-28T00:00:00Z,4.3987834227369005e-5,harmonics + GP (current)
2021-12-28T02:00:00Z,1.355236930227864e-4,harmonics + GP (current)
2021-12-28T04:00:00Z,5.038708503775071e-5,harmonics + GP (current)
2021-12-28T06:00:00Z,8.331867630296754e-6,harmonics + GP (current)
2021-12-28T08:00:00Z,3.4875712819569817e-5,harmonics + GP (current)
2021-12-28T10:00:00Z,2.3885305061791893e-4,harmonics + GP (current)
2021-12-28T12:00:00Z,1.6137175137651484e-5,harmonics + GP (current)
2021-12-28T14:00:00Z,1.0636901469093252e-5,harmonics + GP (current)
2021-12-28T16:00:00Z,8.017633823563096e-5,harmonics + GP (current)
2021-12-28T18:00:00Z,2.6910667088216966e-5,harmonics + GP (current)
2021-12-28T20:00:00Z,1.0188341183851126e-4,harmonics + GP (current)
2021-12-28T22:00:00Z,4.264717509766443e-5,harmonics + GP (current)
2021-12-29T00:00:00Z,1.0265389044893251e-5,harmonics + GP (current)
2021-12-29T02:00:00Z,6.866430907180003e-5,harmonics + GP (current)
2021-12-29T04:00:00Z,8.017901196064019e-4,harmonics + GP (current)
2021-12-29T06:00:00Z,3.3929529338019864e-4,harmonics + GP (current)
2021-12-29T08:00:00Z,2.4293004019969354e-4,harmonics + GP (current)
2021-12-29T10:00:00Z,1.1359027920302977e-5,harmonics + GP (current)
2021-12-29T12:00:00Z,1.9059641237440943e-4,harmonics + GP (current)
2021-12-29T14:00:00Z,1.2990044401620796e-4,harmonics + GP (current)
2021-12-29T16:00:00Z,4.924143555028282e-4,harmonics + GP (current)
2021-12-29T18:00:00Z,0.00868435801033608,harmonics + GP (current)
2021-12-29T20:00:00Z,6.77355768138177e-4,harmonics + GP (current)
2021-12-29T22:00:00Z,2.3104199586989606e-5,harmonics + GP (current)
2021-12-30T00:00:00Z,2.076503857838923e-4,harmonics + GP (current)
2021-12-30T02:00:00Z,0.0049199816464660815,harmonics + GP (current)
2021-12-30T04:00:00Z,1.8609484725081707e-4,harmonics + GP (current)
2021-12-30T06:00:00Z,9.887151677664228e-4,harmonics + GP (current)
2021-12-30T08:00:00Z,2.0908742558535258e-4,harmonics + GP (current)
2021-12-30T10:00:00Z,4.3718553351240313e-4,harmonics + GP (current)
2021-12-30T12:00:00Z,0.007484413141437951,harmonics + GP (current)
2021-12-30T14:00:00Z,6.152915480261298e-4,harmonics + GP (current)
2021-12-30T16:00:00Z,0.016898254503920126,harmonics + GP (current)
2021-12-30T18:00:00Z,6.50699219082174e-4,harmonics + GP (current)
2021-12-30T20:00:00Z,0.004080273861980942,harmonics + GP (current)
2021-12-30T22:00:00Z,0.0022053395903523323,harmonics + GP (current)
2021-12-31T00:00:00Z,2.7302569403680826e-4,harmonics + GP (current)
2021-12-31T02:00:00Z,0.001565058239431557,harmonics + GP (current)
2021-12-31T04:00:00Z,0.026930225768565685,harmonics + GP (current)
2021-12-31T06:00:00Z,1.8476574098727375e-4,harmonics + GP (current)
2021-12-31T08:00:00Z,0.0011053643862633758,harmonics + GP (current)
2021-12-31T10:00:00Z,0.008735249565643421,harmonics + GP (current)
2021-12-31T12:00:00Z,4.7204097146541507e-4,harmonics + GP (current)
2021-12-31T14:00:00Z,0.004547775200737235,harmonics + GP (current)
2021-12-31T16:00:00Z,0.0015950975746883145,harmonics + GP (current)
2021-12-31T18:00:00Z,1.752830635912285e-4,harmonics + GP (current)
2021-12-31T20:00:00Z,4.946510832856269e-4,harmonics + GP (current)
2021-12-31T22:00:00Z,6.281192686638321e-4,harmonics + GP (current)
2022-01-01T00:00:00Z,9.4829413927639e-4,harmonics + GP (current)
2022-01-01T02:00:00Z,0.008785050066348866,harmonics + GP (current)
2022-01-01T04:00:00Z,9.694517831585069e-4,harmonics + GP (current)
2022-01-01T06:00:00Z,0.0035759667643836006,harmonics + GP (current)
2022-01-01T08:00:00Z,0.004618375898739959,harmonics + GP (current)
2022-01-01T10:00:00Z,8.088475862902022e-5,harmonics + GP (current)
2022-01-01T12:00:00Z,0.007867421412923611,harmonics + GP (current)
2022-01-01T14:00:00Z,0.0018928029395791062,harmonics + GP (current)
2022-01-01T16:00:00Z,0.0013313984043992594,harmonics + GP (current)
2022-01-01T18:00:00Z,0.002536153295283785,harmonics + GP (current)
2022-01-01T20:00:00Z,0.013293012523115344,harmonics + GP (current)
2022-01-01T22:00:00Z,0.011106332906818183,harmonics + GP (current)
2022-01-02T00:00:00Z,0.0019038910870670565,harmonics + GP (current)
2022-01-02T02:00:00Z,0.006116597104087998,harmonics + GP (current)
2022-01-02T04:00:00Z,3.913947271446208e-4,harmonics + GP (current)
2022-01-02T06:00:00Z,7.053712938255119e-4,harmonics + GP (current)
2022-01-02T08:00:00Z,0.0034686279026121354,harmonics + GP (current)
2022-01-02T10:00:00Z,4.107123279348624e-4,harmonics + GP (current)
2022-01-02T12:00:00Z,4.965463719922483e-4,harmonics + GP (current)
2022-01-02T14:00:00Z,1.5194131471683828e-4,harmonics + GP (current)
2022-01-02T16:00:00Z,0.028440545562286333,harmonics + GP (current)
2022-01-02T18:00:00Z,0.010004638044397534,harmonics + GP (current)
2022-01-02T20:00:00Z,0.01582745614230404,harmonics + GP (current)
2022-01-02T22:00:00Z,0.003781222172609115,harmonics + GP (current)
2022-01-03T00:00:00Z,9.706157779107147e-4,harmonics + GP (current)
2022-01-03T02:00:00Z,6.45703860978189e-6,harmonics + GP (current)
2022-01-03T04:00:00Z,1.2859494430497153e-4,harmonics + GP (current)
2022-01-03T06:00:00Z,1.1790427132957335e-4,harmonics + GP (current)
2022-01-03T08:00:00Z,1.7077120718984924e-4,harmonics + GP (current)
2022-01-03T10:00:00Z,5.465687380290345e-4,harmonics + GP (current)
2022-01-03T12:00:00Z,0.007309519451208362,harmonics + GP (current)
2022-01-03T14:00:00Z,0.002053546727231593,harmonics + GP (current)
2022-01-03T16:00:00Z,1.3459516031028452e-4,harmonics + GP (current)
2022-01-03T18:00:00Z,0.0012265454021653116,harmonics + GP (current)
2022-01-03T20:00:00Z,3.905542682639777e-4,harmonics + GP (current)
2022-01-03T22:00:00Z,1.9607696251442027e-4,harmonics + GP (current)
2022-01-04T00:00:00Z,0.0021572807960152,harmonics + GP (current)
2022-01-04T02:00:00Z,1.5490103183472554e-4,harmonics + GP (current)
2022-01-04T04:00:00Z,4.235957204359596e-5,harmonics + GP (current)
2022-01-04T06:00:00Z,2.467550589914859e-4,harmonics + GP (current)
2022-01-04T08:00:00Z,8.090051604865937e-5,harmonics + GP (current)
2022-01-04T10:00:00Z,0.004448020053438244,harmonics + GP (current)
2022-01-04T12:00:00Z,0.024046075915969543,harmonics + GP (current)
2022-01-04T14:00:00Z,8.568417952779942e-4,harmonics + GP (current)
2022-01-04T16:00:00Z,1.519809480864899e-4,harmonics + GP (current)
2022-01-04T18:00:00Z,0.004088574057448951,harmonics + GP (current)
2022-01-04T20:00:00Z,8.017034774109793e-4,harmonics + GP (current)
2022-01-04T22:00:00Z,2.7595870236376267e-4,harmonics + GP (current)
2022-01-05T00:00:00Z,5.3280211974538174e-5,harmonics + GP (current)
2022-01-05T02:00:00Z,0.0014099863045176659,harmonics + GP (current)
2022-01-05T04:00:00Z,2.9102004223244455e-4,harmonics + GP (current)
2022-01-05T06:00:00Z,1.7177355846110113e-4,harmonics + GP (current)
2022-01-05T08:00:00Z,1.4511131157049574e-4,harmonics + GP (current)
2022-01-05T10:00:00Z,5.312450809485119e-4,harmonics + GP (current)
2022-01-05T12:00:00Z,2.8098935851349937e-4,harmonics + GP (current)
2022-01-05T14:00:00Z,3.8655010074829663e-4,harmonics + GP (current)
2022-01-05T16:00:00Z,0.0012892700957202103,harmonics + GP (current)
2022-01-05T18:00:00Z,2.1486502106937222e-4,harmonics + GP (current)
2022-01-05T20:00:00Z,0.006963200346839585,harmonics + GP (current)
2022-01-05T22:00:00Z,0.019794474138145148,harmonics + GP (current)
2022-01-06T00:00:00Z,0.0011252429732430287,harmonics + GP (current)
2022-01-06T02:00:00Z,0.03290640274065272,harmonics + GP (current)
2022-01-06T04:00:00Z,0.04046733174467083,harmonics + GP (current)
2022-01-06T06:00:00Z,9.69713830164326e-4,harmonics + GP (current)
2022-01-06T08:00:00Z,0.001198199507141717,harmonics + GP (current)
2022-01-06T10:00:00Z,0.015783362675897045,harmonics + GP (current)
2022-01-06T12:00:00Z,0.001947807797077091,harmonics + GP (current)
2022-01-06T14:00:00Z,0.0028271499058255202,harmonics + GP (current)
2022-01-06T16:00:00Z,0.0012764522577550753,harmonics + GP (current)
2022-01-06T18:00:00Z,4.50757042747144e-4,harmonics + GP (current)
2022-01-06T20:00:00Z,0.0030504795205031367,harmonics + GP (current)
2022-01-06T22:00:00Z,0.014775204679894492,harmonics + GP (current)
2022-01-07T00:00:00Z,0.003208353639228619,harmonics + GP (current)
2022-01-07T02:00:00Z,0.015047693658542622,harmonics + GP (current)
2022-01-07T04:00:00Z,0.013312937342270528,harmonics + GP (current)
2022-01-07T06:00:00Z,0.010144021415783798,harmonics + GP (current)
2022-01-07T08:00:00Z,0.01244261897342703,harmonics + GP (current)
2022-01-07T10:00:00Z,1.3896896243587297e-4,harmonics + GP (current)
2022-01-07T12:00:00Z,7.149484290361169e-5,harmonics + GP (current)
2022-01-07T14:00:00Z,4.3848706420930394e-4,harmonics + GP (current)
2022-01-07T16:00:00Z,0.00110903177480663,harmonics + GP (current)
2022-01-07T18:00:00Z,8.745829281555697e-5,harmonics + GP (current)
2022-01-07T20:00:00Z,0.01165542255739243,harmonics + GP (current)
2022-01-07T22:00:00Z,0.0011107905777074014,harmonics + GP (current)
2022-01-08T00:00:00Z,3.331411809248943e-4,harmonics + GP (current)
2022-01-08T02:00:00Z,0.001162009229247621,harmonics + GP (current)
2022-01-08T04:00:00Z,2.646872193459003e-4,harmonics + GP (current)
2022-01-08T06:00:00Z,6.356197025100097e-4,harmonics + GP (current)
2022-01-08T08:00:00Z,5.068985104508154e-4,harmonics + GP (current)
2022-01-08T10:00:00Z,0.001893137528764497,harmonics + GP (current)
2022-01-08T12:00:00Z,0.025835796313171257,harmonics + GP (current)
2022-01-08T14:00:00Z,0.006804601490385536,harmonics + GP (current)
2022-01-08T16:00:00Z,0.0013525262133171404,harmonics + GP (current)
2022-01-08T18:00:00Z,0.0010082843194503626,harmonics + GP (current)
2022-01-08T20:00:00Z,6.965885159998581e-4,harmonics + GP (current)
2022-01-08T22:00:00Z,0.0011563437601178899,harmonics + GP (current)
2022-01-09T00:00:00Z,0.0012903344883545792,harmonics + GP (current)
2022-01-09T02:00:00Z,0.0013334508619220321,harmonics + GP (current)
2022-01-09T04:00:00Z,0.001024247733299644,harmonics + GP (current)
2022-01-09T06:00:00Z,3.644384509181581e-4,harmonics + GP (current)
2022-01-09T08:00:00Z,4.4240935130204534e-4,harmonics + GP (current)
2022-01-09T10:00:00Z,3.7665905455928856e-4,harmonics + GP (current)
2022-01-09T12:00:00Z,0.0038537869076364466,harmonics + GP (current)
2022-01-09T14:00:00Z,0.002229462186538786,harmonics + GP (current)
2022-01-09T16:00:00Z,0.0028866136635261855,harmonics + GP (current)
2022-01-09T18:00:00Z,0.007092240188974294,harmonics + GP (current)
2022-01-09T20:00:00Z,2.444852853860889e-4,harmonics + GP (current)
2022-01-09T22:00:00Z,5.05462071934554e-4,harmonics + GP (current)
2022-01-10T00:00:00Z,0.0010275182520582534,harmonics + GP (current)
2022-01-10T02:00:00Z,6.76854704037581e-4,harmonics + GP (current)
2022-01-10T04:00:00Z,3.623682549220652e-5,harmonics + GP (current)
2022-01-10T06:00:00Z,0.010558940787468057,harmonics + GP (current)
2022-01-10T08:00:00Z,0.0020639494498358394,harmonics + GP (current)
2022-01-10T10:00:00Z,2.5383069043192797e-4,harmonics + GP (current)
2022-01-10T12:00:00Z,9.479065779772383e-5,harmonics + GP (current)
2022-01-10T14:00:00Z,2.8379770641453686e-4,harmonics + GP (current)
2022-01-10T16:00:00Z,0.0017671010238590416,harmonics + GP (current)
2022-01-10T18:00:00Z,0.001049104832550464,harmonics + GP (current)
2022-01-10T20:00:00Z,1.947895533288339e-5,harmonics + GP (current)
2022-01-10T22:00:00Z,5.99679741740973e-5,harmonics + GP (current)
2022-01-11T00:00:00Z,9.950610160799217e-4,harmonics + GP (current)
2022-01-11T02:00:00Z,2.22549002090589e-4,harmonics + GP (current)
2022-01-11T04:00:00Z,0.007896351917587545,harmonics + GP (current)
2022-01-11T06:00:00Z,5.628381102740014e-4,harmonics + GP (current)
2022-01-11T08:00:00Z,0.006086350661883515,harmonics + GP (current)
2022-01-11T10:00:00Z,3.503682420263189e-4,harmonics + GP (current)
2022-01-11T12:00:00Z,2.1291360891255155e-4,harmonics + GP (current)
2022-01-11T14:00:00Z,0.0036438380873020193,harmonics + GP (current)
2022-01-11T16:00:00Z,0.0015930560453872892,harmonics + GP (current)
2022-01-11T18:00:00Z,6.12693459584465e-4,harmonics + GP (current)
2022-01-11T20:00:00Z,0.04920337494386929,harmonics + GP (current)
2022-01-11T22:00:00Z,0.0016976614165620347,harmonics + GP (current)
2022-01-12T00:00:00Z,2.6138637469876e-4,harmonics + GP (current)
2022-01-12T02:00:00Z,4.752404914610341e-4,harmonics + GP (current)
2022-01-12T04:00:00Z,0.00981796720809335,harmonics + GP (current)
2022-01-12T06:00:00Z,0.010818994027927365,harmonics + GP (current)
2022-01-12T08:00:00Z,0.005703018578550663,harmonics + GP (current)
2022-01-12T10:00:00Z,0.0022572869229374936,harmonics + GP (current)
2022-01-12T12:00:00Z,0.021584662390433232,harmonics + GP (current)
2022-01-12T14:00:00Z,0.0021268665457540165,harmonics + GP (current)
2022-01-12T16:00:00Z,0.0011909605642992992,harmonics + GP (current)
2022-01-12T18:00:00Z,5.366877847225707e-4,harmonics + GP (current)
2022-01-12T20:00:00Z,3.71103374021559e-4,harmonics + GP (current)
2022-01-12T22:00:00Z,0.0076983255724224296,harmonics + GP (current)
2022-01-13T00:00:00Z,0.0018063757807115803,harmonics + GP (current)
2022-01-13T02:00:00Z,0.03476240649509675,harmonics + GP (current)
2022-01-13T04:00:00Z,6.486905446654593e-4,harmonics + GP (current)
2022-01-13T06:00:00Z,0.009381322725172088,harmonics + GP (current)
2022-01-13T08:00:00Z,0.0024139627502507257,harmonics + GP (current)
2022-01-13T10:00:00Z,3.1617065029249526e-4,harmonics + GP (current)
2022-01-13T12:00:00Z,0.005276501462729903,harmonics + GP (current)
2022-01-13T14:00:00Z,0.0025056376559022993,harmonics + GP (current)
2022-01-13T16:00:00Z,9.220349958288545e-5,harmonics + GP (current)
2022-01-13T18:00:00Z,0.002993473156358073,harmonics + GP (current)
2022-01-13T20:00:00Z,0.006425052515760784,harmonics + GP (current)
2022-01-13T22:00:00Z,0.0021216713548383257,harmonics + GP (current)
2022-01-14T00:00:00Z,0.036796835687217005,harmonics + GP (current)
2022-01-14T02:00:00Z,0.013434814399714874,harmonics + GP (current)
2022-01-14T04:00:00Z,3.743857134931213e-4,harmonics + GP (current)
2022-01-14T06:00:00Z,0.0014138960277093294,harmonics + GP (current)
2022-01-14T08:00:00Z,1.802586242193648e-4,harmonics + GP (current)
2022-01-14T10:00:00Z,9.478339680064076e-5,harmonics + GP (current)
2022-01-14T12:00:00Z,8.008330137640767e-5,harmonics + GP (current)
2022-01-14T14:00:00Z,2.5049730979145727e-4,harmonics + GP (current)
2022-01-14T16:00:00Z,5.059013940214601e-4,harmonics + GP (current)
2022-01-14T18:00:00Z,0.004166766382048384,harmonics + GP (current)
2022-01-14T20:00:00Z,0.01407088928341858,harmonics + GP (current)
2022-01-14T22:00:00Z,7.561706123511974e-4,harmonics + GP (current)
2022-01-15T00:00:00Z,0.05790607147773164,harmonics + GP (current)
2022-01-15T02:00:00Z,0.004251089246485885,harmonics + GP (current)
2022-01-15T04:00:00Z,0.001550261577779228,harmonics + GP (current)
2022-01-15T06:00:00Z,3.773668557484537e-4,harmonics + GP (current)
2022-01-15T08:00:00Z,0.012173854894449615,harmonics + GP (current)
2022-01-15T10:00:00Z,0.002101001827867206,harmonics + GP (current)
2022-01-15T12:00:00Z,0.0020771505422695195,harmonics + GP (current)
2022-01-15T14:00:00Z,0.010498004764772135,harmonics + GP (current)
2022-01-15T16:00:00Z,0.0014923213353533757,harmonics + GP (current)
2022-01-15T18:00:00Z,0.009264803944465565,harmonics + GP (current)
2022-01-15T20:00:00Z,0.007238487922416642,harmonics + GP (current)
2022-01-15T22:00:00Z,0.04057084072549513,harmonics + GP (current)
2022-01-16T00:00:00Z,0.04252667406016051,harmonics + GP (current)
2022-01-16T02:00:00Z,4.2617884631189745e-4,harmonics + GP (current)
2022-01-16T04:00:00Z,0.020053333022493288,harmonics + GP (current)
2022-01-16T06:00:00Z,0.03804789492618004,harmonics + GP (current)
2022-01-16T08:00:00Z,0.010181056459486535,harmonics + GP (current)
2022-01-16T10:00:00Z,8.383363764847812e-4,harmonics + GP (current)
2022-01-16T12:00:00Z,1.1619714878362401e-4,harmonics + GP (current)
2022-01-16T14:00:00Z,0.0257488631516578,harmonics + GP (current)
2022-01-16T16:00:00Z,7.825091974144232e-4,harmonics + GP (current)
2022-01-16T18:00:00Z,0.017650909340840983,harmonics + GP (current)
2022-01-16T20:00:00Z,0.016018242148022378,harmonics + GP (current)
2022-01-16T22:00:00Z,4.07643461498969e-5,harmonics + GP (current)
2022-01-17T00:00:00Z,6.957302362760273e-4,harmonics + GP (current)
2022-01-17T02:00:00Z,9.083929760176507e-4,harmonics + GP (current)
2022-01-17T04:00:00Z,0.01407867861634812,harmonics + GP (current)
2022-01-17T06:00:00Z,7.901047218917324e-4,harmonics + GP (current)
2022-01-17T08:00:00Z,0.0018982271462681904,harmonics + GP (current)
2022-01-17T10:00:00Z,4.0185020518656304e-4,harmonics + GP (current)
2022-01-17T12:00:00Z,0.0018688717502889,harmonics + GP (current)
2022-01-17T14:00:00Z,0.005620646811227073,harmonics + GP (current)
2022-01-17T16:00:00Z,0.001265647094499479,harmonics + GP (current)
2022-01-17T18:00:00Z,7.757715640872768e-5,harmonics + GP (current)
2022-01-17T20:00:00Z,2.2823682358708432e-4,harmonics + GP (current)
2022-01-17T22:00:00Z,0.003151502627398985,harmonics + GP (current)
2022-01-18T00:00:00Z,0.0013554558713193918,harmonics + GP (current)
2022-01-18T02:00:00Z,0.002683755513430005,harmonics + GP (current)
2022-01-18T04:00:00Z,0.0031768583782493505,harmonics + GP (current)
2022-01-18T06:00:00Z,3.6119223523778203e-4,harmonics + GP (current)
2022-01-18T08:00:00Z,0.0011658015038906368,harmonics + GP (current)
2022-01-18T10:00:00Z,0.0028984368355148885,harmonics + GP (current)
2022-01-18T12:00:00Z,1.7037305901156544e-4,harmonics + GP (current)
2022-01-18T14:00:00Z,2.6726798655256205e-5,harmonics + GP (current)
2022-01-18T16:00:00Z,3.9144795153525115e-4,harmonics + GP (current)
2022-01-18T18:00:00Z,9.878409359785493e-6,harmonics + GP (current)
2022-01-18T20:00:00Z,1.8086187503343795e-4,harmonics + GP (current)
2022-01-18T22:00:00Z,1.3785261532026191e-4,harmonics + GP (current)
2022-01-19T00:00:00Z,3.1807118110853633e-4,harmonics + GP (current)
2022-01-19T02:00:00Z,0.0010722110047715555,harmonics + GP (current)
2022-01-19T04:00:00Z,0.0010542117778824583,harmonics + GP (current)
2022-01-19T06:00:00Z,5.649673480950217e-4,harmonics + GP (current)
2022-01-19T08:00:00Z,7.780490344218194e-4,harmonics + GP (current)
2022-01-19T10:00:00Z,2.634056484413916e-4,harmonics + GP (current)
2022-01-19T12:00:00Z,6.96309338563741e-4,harmonics + GP (current)
2022-01-19T14:00:00Z,1.1677771160713907e-4,harmonics + GP (current)
2022-01-19T16:00:00Z,1.2763478676491003e-4,harmonics + GP (current)
2022-01-19T18:00:00Z,0.005873442015456265,harmonics + GP (current)
2022-01-19T20:00:00Z,6.312272628183408e-4,harmonics + GP (current)
2022-01-19T22:00:00Z,0.005878395105784496,harmonics + GP (current)
2022-01-20T00:00:00Z,0.001049088648141026,harmonics + GP (current)
2022-01-20T02:00:00Z,1.6922543951552235e-4,harmonics + GP (current)
2022-01-20T04:00:00Z,0.0022371367927190005,harmonics + GP (current)
2022-01-20T06:00:00Z,0.017204419024636035,harmonics + GP (current)
2022-01-20T08:00:00Z,0.0024612486878334548,harmonics + GP (current)
2022-01-20T10:00:00Z,5.3675922466841334e-5,harmonics + GP (current)
2022-01-20T12:00:00Z,0.0029215894611138685,harmonics + GP (current)
2022-01-20T14:00:00Z,7.714014225130612e-5,harmonics + GP (current)
2022-01-20T16:00:00Z,2.3248830973142184e-4,harmonics + GP (current)
2022-01-20T18:00:00Z,0.003542983668476414,harmonics + GP (current)
2022-01-20T20:00:00Z,0.0010388449950273968,harmonics + GP (current)
2022-01-20T22:00:00Z,6.194539854649416e-5,harmonics + GP (current)
2022-01-21T00:00:00Z,7.49540869811504e-4,harmonics + GP (current)
2022-01-21T02:00:00Z,3.5084612861273936e-4,harmonics + GP (current)
2022-01-21T04:00:00Z,0.0035112309560340537,harmonics + GP (current)
2022-01-21T06:00:00Z,3.0516379506296637e-4,harmonics + GP (current)
2022-01-21T08:00:00Z,0.008096564037916336,harmonics + GP (current)
2022-01-21T10:00:00Z,0.002804979105301057,harmonics + GP (current)
2022-01-21T12:00:00Z,0.0012341928414442338,harmonics + GP (current)
2022-01-21T14:00:00Z,0.0016203527128823545,harmonics + GP (current)
2022-01-21T16:00:00Z,5.363982876950654e-4,harmonics + GP (current)
2022-01-21T18:00:00Z,5.002768083640267e-4,harmonics + GP (current)
2022-01-21T20:00:00Z,3.0380932156843217e-5,harmonics + GP (current)
2022-01-21T22:00:00Z,5.572144132232012e-4,harmonics + GP (current)
2022-01-22T00:00:00Z,0.00236496760973806,harmonics + GP (current)
2022-01-22T02:00:00Z,0.014824208352602402,harmonics + GP (current)
2022-01-22T04:00:00Z,8.897633005761998e-4,harmonics + GP (current)
2022-01-22T06:00:00Z,0.002715987268609277,harmonics + GP (current)
2022-01-22T08:00:00Z,9.108325910157067e-5,harmonics + GP (current)
2022-01-22T10:00:00Z,0.0011879776934809474,harmonics + GP (current)
2022-01-22T12:00:00Z,6.371145141363753e-4,harmonics + GP (current)
2022-01-22T14:00:00Z,8.156493465257823e-5,harmonics + GP (current)
2022-01-22T16:00:00Z,0.004866434779226932,harmonics + GP (current)
2022-01-22T18:00:00Z,5.036355669161513e-4,harmonics + GP (current)
2022-01-22T20:00:00Z,6.070253505557838e-5,harmonics + GP (current)
2022-01-22T22:00:00Z,1.761693367929393e-5,harmonics + GP (current)
2022-01-23T00:00:00Z,8.406496676453845e-4,harmonics + GP (current)
2022-01-23T02:00:00Z,1.8581666290615022e-4,harmonics + GP (current)
2022-01-23T04:00:00Z,4.635106801791271e-4,harmonics + GP (current)
2022-01-23T06:00:00Z,7.543351985696965e-4,harmonics + GP (current)
2022-01-23T08:00:00Z,0.0057471999297994125,harmonics + GP (current)
2022-01-23T10:00:00Z,0.0024041095493825917,harmonics + GP (current)
2022-01-23T12:00:00Z,3.6272436569808946e-4,harmonics + GP (current)
2022-01-23T14:00:00Z,1.0205127513906775e-4,harmonics + GP (current)
2022-01-23T16:00:00Z,0.05227705330810839,harmonics + GP (current)
2022-01-23T18:00:00Z,0.002951179969959314,harmonics + GP (current)
2022-01-23T20:00:00Z,3.633915655406002e-4,harmonics + GP (current)
2022-01-23T22:00:00Z,9.14960696757991e-4,harmonics + GP (current)
2022-01-24T00:00:00Z,3.766157670312257e-4,harmonics + GP (current)
2022-01-24T02:00:00Z,3.2651202990427455e-5,harmonics + GP (current)
2022-01-24T04:00:00Z,1.6176205206602085e-4,harmonics + GP (current)
2022-01-24T06:00:00Z,8.795823273718847e-4,harmonics + GP (current)
2022-01-24T08:00:00Z,5.169408694333517e-5,harmonics + GP (current)
2022-01-24T10:00:00Z,2.244254559085009e-5,harmonics + GP (current)
2022-01-24T12:00:00Z,2.7382640588005376e-4,harmonics + GP (current)
2022-01-24T14:00:00Z,1.224218664399507e-5,harmonics + GP (current)
2022-01-24T16:00:00Z,1.104778410618441e-4,harmonics + GP (current)
2022-01-24T18:00:00Z,0.0025972554297470367,harmonics + GP (current)
2022-01-24T20:00:00Z,0.015550770641725595,harmonics + GP (current)
2022-01-24T22:00:00Z,7.438142216495646e-4,harmonics + GP (current)
2022-01-25T00:00:00Z,0.007998533673727291,harmonics + GP (current)
2022-01-25T02:00:00Z,0.005313143276997725,harmonics + GP (current)
2022-01-25T04:00:00Z,1.6827153283346838e-4,harmonics + GP (current)
2022-01-25T06:00:00Z,4.8516930439911615e-5,harmonics + GP (current)
2022-01-25T08:00:00Z,1.5589425210153828e-4,harmonics + GP (current)
2022-01-25T10:00:00Z,4.590838885782873e-4,harmonics + GP (current)
2022-01-25T12:00:00Z,0.0015973711256656042,harmonics + GP (current)
2022-01-25T14:00:00Z,0.0013228993404480424,harmonics + GP (current)
2022-01-25T16:00:00Z,8.557835818587485e-5,harmonics + GP (current)
2022-01-25T18:00:00Z,0.0014057361562202994,harmonics + GP (current)
2022-01-25T20:00:00Z,7.531862894843691e-4,harmonics + GP (current)
2022-01-25T22:00:00Z,0.007405356991600924,harmonics + GP (current)
2022-01-26T00:00:00Z,1.8333863275290756e-4,harmonics + GP (current)
2022-01-26T02:00:00Z,0.0018958601319826792,harmonics + GP (current)
2022-01-26T04:00:00Z,0.005972534763042458,harmonics + GP (current)
2022-01-26T06:00:00Z,6.0549831801166166e-5,harmonics + GP (current)
2022-01-26T08:00:00Z,1.9230661283582088e-4,harmonics + GP (current)
2022-01-26T10:00:00Z,0.004871553100537103,harmonics + GP (current)
2022-01-26T12:00:00Z,0.0010761456058281473,harmonics + GP (current)
2022-01-26T14:00:00Z,9.354102895234306e-4,harmonics + GP (current)
2022-01-26T16:00:00Z,0.054058834207822384,harmonics + GP (current)
2022-01-26T18:00:00Z,2.520927510088512e-4,harmonics + GP (current)
2022-01-26T20:00:00Z,1.4731447071864284e-4,harmonics + GP (current)
2022-01-26T22:00:00Z,0.0013217343415321597,harmonics + GP (current)
2022-01-27T00:00:00Z,0.006823177300744143,harmonics + GP (current)
2022-01-27T02:00:00Z,7.698294964123752e-4,harmonics + GP (current)
2022-01-27T04:00:00Z,9.156217160189626e-4,harmonics + GP (current)
2022-01-27T06:00:00Z,0.048390987956425525,harmonics + GP (current)
2022-01-27T08:00:00Z,1.6641459264382514e-4,harmonics + GP (current)
2022-01-27T10:00:00Z,0.006052810511100764,harmonics + GP (current)
2022-01-27T12:00:00Z,9.424155199355784e-5,harmonics + GP (current)
2022-01-27T14:00:00Z,0.011316361840197043,harmonics + GP (current)
2022-01-27T16:00:00Z,0.00454174138560003,harmonics + GP (current)
2022-01-27T18:00:00Z,0.07031525781375736,harmonics + GP (current)
2022-01-27T20:00:00Z,0.003914785437448968,harmonics + GP (current)
2022-01-27T22:00:00Z,0.023482200333893602,harmonics + GP (current)
2022-01-28T00:00:00Z,0.001109012605876193,harmonics + GP (current)
2022-01-28T02:00:00Z,1.44089456652834e-4,harmonics + GP (current)
2022-01-28T04:00:00Z,4.9931881431861825e-5,harmonics + GP (current)
2022-01-28T06:00:00Z,0.04802108117495777,harmonics + GP (current)
2022-01-28T08:00:00Z,0.012577891669901213,harmonics + GP (current)
2022-01-28T10:00:00Z,0.0015983349668366106,harmonics + GP (current)
2022-01-28T12:00:00Z,0.018305751407525002,harmonics + GP (current)
2022-01-28T14:00:00Z,0.003565928055134949,harmonics + GP (current)
2022-01-28T16:00:00Z,4.1133923093377193e-4,harmonics + GP (current)
2022-01-28T18:00:00Z,7.12281111774457e-4,harmonics + GP (current)
2022-01-28T20:00:00Z,0.005695150622798624,harmonics + GP (current)
2022-01-28T22:00:00Z,9.346868531988449e-4,harmonics + GP (current)
2022-01-29T00:00:00Z,0.0012634332032213388,harmonics + GP (current)
2022-01-29T02:00:00Z,0.005119003416973464,harmonics + GP (current)
2022-01-29T04:00:00Z,1.945104210624982e-4,harmonics + GP (current)
2022-01-29T06:00:00Z,2.543580171432997e-4,harmonics + GP (current)
2022-01-29T08:00:00Z,0.010123461868457515,harmonics + GP (current)
2022-01-29T10:00:00Z,0.006857013570934909,harmonics + GP (current)
2022-01-29T12:00:00Z,1.4771928817894115e-4,harmonics + GP (current)
2022-01-29T14:00:00Z,3.895105063681452e-4,harmonics + GP (current)
2022-01-29T16:00:00Z,2.460034398283313e-4,harmonics + GP (current)
2022-01-29T18:00:00Z,9.781799823146216e-5,harmonics + GP (current)
2022-01-29T20:00:00Z,1.9579907928311054e-4,harmonics + GP (current)
2022-01-29T22:00:00Z,3.514133559557165e-4,harmonics + GP (current)
2022-01-30T00:00:00Z,0.007466475436240582,harmonics + GP (current)
2022-01-30T02:00:00Z,0.010978608758072451,harmonics + GP (current)
2022-01-30T04:00:00Z,0.00421471924263392,harmonics + GP (current)
2022-01-30T06:00:00Z,6.118544858548189e-4,harmonics + GP (current)
2022-01-30T08:00:00Z,6.089219013604471e-4,harmonics + GP (current)
2022-01-30T10:00:00Z,9.775641277023153e-4,harmonics + GP (current)
2022-01-30T12:00:00Z,0.010995183284739373,harmonics + GP (current)
2022-01-30T14:00:00Z,0.0010681794919319945,harmonics + GP (current)
2022-01-30T16:00:00Z,0.009049022877106622,harmonics + GP (current)
2022-01-30T18:00:00Z,0.01478617034455634,harmonics + GP (current)
2022-01-30T20:00:00Z,0.0013639519665284323,harmonics + GP (current)
2022-01-30T22:00:00Z,0.0048298430405626465,harmonics + GP (current)
2022-01-31T00:00:00Z,3.0206829485237457e-4,harmonics + GP (current)
2022-01-31T02:00:00Z,0.0025128054689111273,harmonics + GP (current)
2022-01-31T04:00:00Z,2.0246943851081727e-4,harmonics + GP (current)
2022-01-31T06:00:00Z,0.0012141054687046097,harmonics + GP (current)
2022-01-31T08:00:00Z,0.0013337695796121212,harmonics + GP (current)
2022-01-31T10:00:00Z,0.03475197804524311,harmonics + GP (current)
2022-01-31T12:00:00Z,3.8658446152758e-4,harmonics + GP (current)
2022-01-31T14:00:00Z,5.26424414660773e-4,harmonics + GP (current)
2022-01-31T16:00:00Z,0.0019879066143250767,harmonics + GP (current)
2022-01-31T18:00:00Z,0.0018696067238059492,harmonics + GP (current)
2022-01-31T20:00:00Z,0.021664579637177984,harmonics + GP (current)
2022-01-31T22:00:00Z,0.013037985078950817,harmonics + GP (current)
2022-02-01T00:00:00Z,4.865656902155867e-4,harmonics + GP (current)
2022-02-01T02:00:00Z,0.014784036463599107,harmonics + GP (current)
2022-02-01T04:00:00Z,0.00824465772993634,harmonics + GP (current)
2022-02-01T06:00:00Z,0.0017544382503581076,harmonics + GP (current)
2022-02-01T08:00:00Z,3.4533518040512535e-5,harmonics + GP (current)
2022-02-01T10:00:00Z,6.851486207432853e-4,harmonics + GP (current)
2022-02-01T12:00:00Z,3.1057911121123655e-5,harmonics + GP (current)
2022-02-01T14:00:00Z,5.822620212560942e-5,harmonics + GP (current)
2022-02-01T16:00:00Z,0.00102708435792782,harmonics + GP (current)
2022-02-01T18:00:00Z,0.010731531689638509,harmonics + GP (current)
2022-02-01T20:00:00Z,4.386671711586147e-5,harmonics + GP (current)
2022-02-01T22:00:00Z,5.896501735687174e-4,harmonics + GP (current)
2022-02-02T00:00:00Z,0.002732102137242515,harmonics + GP (current)
2022-02-02T02:00:00Z,3.668554313595913e-4,harmonics + GP (current)
2022-02-02T04:00:00Z,0.009104641473296614,harmonics + GP (current)
2022-02-02T06:00:00Z,0.00912036186921382,harmonics + GP (current)
2022-02-02T08:00:00Z,0.001132614900738647,harmonics + GP (current)
2022-02-02T10:00:00Z,7.973034402666154e-4,harmonics + GP (current)
2022-02-02T12:00:00Z,3.352024650220817e-4,harmonics + GP (current)
2022-02-02T14:00:00Z,9.660345399050646e-4,harmonics + GP (current)
2022-02-02T16:00:00Z,0.005500802455260827,harmonics + GP (current)
2022-02-02T18:00:00Z,0.02875661107817754,harmonics + GP (current)
2022-02-02T20:00:00Z,0.007174470018228284,harmonics + GP (current)
2022-02-02T22:00:00Z,0.0012608867534227642,harmonics + GP (current)
2022-02-03T00:00:00Z,0.0022177863515122553,harmonics + GP (current)
2022-02-03T02:00:00Z,0.011302881752049859,harmonics + GP (current)
2022-02-03T04:00:00Z,0.002891387843707806,harmonics + GP (current)
2022-02-03T06:00:00Z,0.04073560808203482,harmonics + GP (current)
2022-02-03T08:00:00Z,0.06697717891350798,harmonics + GP (current)
2022-02-03T10:00:00Z,8.553197680689496e-6,harmonics + GP (current)
2022-02-03T12:00:00Z,2.422144079391206e-4,harmonics + GP (current)
2022-02-03T14:00:00Z,2.1893186626351392e-4,harmonics + GP (current)
2022-02-03T16:00:00Z,0.003658702079961631,harmonics + GP (current)
2022-02-03T18:00:00Z,0.0026622952933615285,harmonics + GP (current)
2022-02-03T20:00:00Z,0.009143313431822505,harmonics + GP (current)
2022-02-03T22:00:00Z,0.007132569915111306,harmonics + GP (current)
2022-02-04T00:00:00Z,8.797057646810216e-4,harmonics + GP (current)
2022-02-04T02:00:00Z,0.005167429589661151,harmonics + GP (current)
2022-02-04T04:00:00Z,0.011552555956554168,harmonics + GP (current)
2022-02-04T06:00:00Z,0.004240779407223231,harmonics + GP (current)
2022-02-04T08:00:00Z,3.3052614584321477e-4,harmonics + GP (current)
2022-02-04T10:00:00Z,3.39550998310862e-5,harmonics + GP (current)
2022-02-04T12:00:00Z,5.270878256384218e-4,harmonics + GP (current)
2022-02-04T14:00:00Z,0.002104604445918828,harmonics + GP (current)
2022-02-04T16:00:00Z,0.0031008757147335396,harmonics + GP (current)
2022-02-04T18:00:00Z,0.007142619687084778,harmonics + GP (current)
2022-02-04T20:00:00Z,0.001492513808998287,harmonics + GP (current)
2022-02-04T22:00:00Z,0.004074148969959532,harmonics + GP (current)
2022-02-05T00:00:00Z,0.03802973628986703,harmonics + GP (current)
2022-02-05T02:00:00Z,0.0035977426620074754,harmonics + GP (current)
2022-02-05T04:00:00Z,0.002235266824061052,harmonics + GP (current)
2022-02-05T06:00:00Z,6.82747496515554e-4,harmonics + GP (current)
2022-02-05T08:00:00Z,0.03592259323851437,harmonics + GP (current)
2022-02-05T10:00:00Z,2.546301352802693e-4,harmonics + GP (current)
2022-02-05T12:00:00Z,4.2689829327175984e-4,harmonics + GP (current)
2022-02-05T14:00:00Z,4.6935056674359996e-4,harmonics + GP (current)
2022-02-05T16:00:00Z,0.0027908608257236718,harmonics + GP (current)
2022-02-05T18:00:00Z,0.008220196689752544,harmonics + GP (current)
2022-02-05T20:00:00Z,0.04899311963177354,harmonics + GP (current)
2022-02-05T22:00:00Z,1.3673599347085094e-4,harmonics + GP (current)
2022-02-06T00:00:00Z,0.00374931575975272,harmonics + GP (current)
2022-02-06T02:00:00Z,4.4382943105608234e-4,harmonics + GP (current)
2022-02-06T04:00:00Z,9.559115137540196e-4,harmonics + GP (current)
2022-02-06T06:00:00Z,0.0026840472864575783,harmonics + GP (current)
2022-02-06T08:00:00Z,0.0012155183266939242,harmonics + GP (current)
2022-02-06T10:00:00Z,3.0401476365617667e-4,harmonics + GP (current)
2022-02-06T12:00:00Z,0.010263317515107395,harmonics + GP (current)
2022-02-06T14:00:00Z,1.670453185596939e-4,harmonics + GP (current)
2022-02-06T16:00:00Z,0.010463153590240089,harmonics + GP (current)
2022-02-06T18:00:00Z,0.0010992249289645795,harmonics + GP (current)
2022-02-06T20:00:00Z,0.0011815069136629083,harmonics + GP (current)
2022-02-06T22:00:00Z,0.006437008088210118,harmonics + GP (current)
2022-02-07T00:00:00Z,1.6338487530759968e-4,harmonics + GP (current)
2022-02-07T02:00:00Z,0.003478172022756202,harmonics + GP (current)
2022-02-07T04:00:00Z,9.766696744089551e-5,harmonics + GP (current)
2022-02-07T06:00:00Z,6.841445093652496e-4,harmonics + GP (current)
2022-02-07T08:00:00Z,0.0018995804374883388,harmonics + GP (current)
2022-02-07T10:00:00Z,0.004661886888577331,harmonics + GP (current)
2022-02-07T12:00:00Z,0.0021926156617661547,harmonics + GP (current)
2022-02-07T14:00:00Z,0.020584734740566147,harmonics + GP (current)
2022-02-07T16:00:00Z,3.549605395575704e-4,harmonics + GP (current)
2022-02-07T18:00:00Z,7.333916493323239e-4,harmonics + GP (current)
2022-02-07T20:00:00Z,0.006021057165262154,harmonics + GP (current)
2022-02-07T22:00:00Z,0.2872697778560228,harmonics + GP (current)
2022-02-08T00:00:00Z,9.577282260692684e-4,harmonics + GP (current)
2022-02-08T02:00:00Z,8.901880723848787e-5,harmonics + GP (current)
2022-02-08T04:00:00Z,0.0037907083960451093,harmonics + GP (current)
2022-02-08T06:00:00Z,0.03240043094516677,harmonics + GP (current)
2022-02-08T08:00:00Z,3.221478951122319e-5,harmonics + GP (current)
2022-02-08T10:00:00Z,2.8111181601561282e-5,harmonics + GP (current)
2022-02-08T12:00:00Z,3.627995942962864e-4,harmonics + GP (current)
2022-02-08T14:00:00Z,6.442496727068141e-4,harmonics + GP (current)
2022-02-08T16:00:00Z,2.547090142027951e-4,harmonics + GP (current)
2022-02-08T18:00:00Z,0.015003810118125623,harmonics + GP (current)
2022-02-08T20:00:00Z,0.004563391258050105,harmonics + GP (current)
2022-02-08T22:00:00Z,0.015385213753978692,harmonics + GP (current)
2022-02-09T00:00:00Z,0.0034545386999353944,harmonics + GP (current)
2022-02-09T02:00:00Z,0.024687021279265874,harmonics + GP (current)
2022-02-09T04:00:00Z,9.9976636008007e-5,harmonics + GP (current)
2022-02-09T06:00:00Z,0.0011768357049823073,harmonics + GP (current)
2022-02-09T08:00:00Z,0.003118277281603285,harmonics + GP (current)
2022-02-09T10:00:00Z,0.0010764283775817464,harmonics + GP (current)
2022-02-09T12:00:00Z,0.006211399805004021,harmonics + GP (current)
2022-02-09T14:00:00Z,0.006157551389486226,harmonics + GP (current)
2022-02-09T16:00:00Z,0.016101021464535237,harmonics + GP (current)
2022-02-09T18:00:00Z,0.0024603920909776825,harmonics + GP (current)
2022-02-09T20:00:00Z,0.0030761222421302505,harmonics + GP (current)
2022-02-09T22:00:00Z,0.008144398139689254,harmonics + GP (current)
2022-02-10T00:00:00Z,0.007343806251256027,harmonics + GP (current)
2022-02-10T02:00:00Z,0.013245956688366572,harmonics + GP (current)
2022-02-10T04:00:00Z,0.01620733519880978,harmonics + GP (current)
2022-02-10T06:00:00Z,0.026959853759067034,harmonics + GP (current)
2022-02-10T08:00:00Z,2.846498332022936e-5,harmonics + GP (current)
2022-02-10T10:00:00Z,0.04344258319960029,harmonics + GP (current)
2022-02-10T12:00:00Z,0.02433591201381125,harmonics + GP (current)
2022-02-10T14:00:00Z,0.006285661122100765,harmonics + GP (current)
2022-02-10T16:00:00Z,0.00467438035664,harmonics + GP (current)
2022-02-10T18:00:00Z,0.0015908487052614694,harmonics + GP (current)
2022-02-10T20:00:00Z,0.0062269733843258335,harmonics + GP (current)
2022-02-10T22:00:00Z,0.013756016660332864,harmonics + GP (current)
2022-02-11T00:00:00Z,0.0028616367154560645,harmonics + GP (current)
2022-02-11T02:00:00Z,0.008916991909316326,harmonics + GP (current)
2022-02-11T04:00:00Z,0.0011952705610768354,harmonics + GP (current)
2022-02-11T06:00:00Z,0.010515049233457072,harmonics + GP (current)
2022-02-11T08:00:00Z,0.09815430596499933,harmonics + GP (current)
2022-02-11T10:00:00Z,0.024282575660635637,harmonics + GP (current)
2022-02-11T12:00:00Z,0.005163441397109162,harmonics + GP (current)
2022-02-11T14:00:00Z,4.1692926508104286e-4,harmonics + GP (current)
2022-02-11T16:00:00Z,0.021824720971535143,harmonics + GP (current)
2022-02-11T18:00:00Z,0.014359505103974948,harmonics + GP (current)
2022-02-11T20:00:00Z,0.024612988664078423,harmonics + GP (current)
2022-02-11T22:00:00Z,0.07588979838236565,harmonics + GP (current)
2022-02-12T00:00:00Z,0.0013049838086987725,harmonics + GP (current)
2022-02-12T02:00:00Z,0.003127539100353537,harmonics + GP (current)
2022-02-12T04:00:00Z,7.337968046387083e-4,harmonics + GP (current)
2022-02-12T06:00:00Z,0.02730694733481515,harmonics + GP (current)
2022-02-12T08:00:00Z,0.0025458713476693247,harmonics + GP (current)
2022-02-12T10:00:00Z,0.012334341194538903,harmonics + GP (current)
2022-02-12T12:00:00Z,0.03365753309535079,harmonics + GP (current)
2022-02-12T14:00:00Z,0.012216860613729928,harmonics + GP (current)
2022-02-12T16:00:00Z,0.020972271135869348,harmonics + GP (current)
2022-02-12T18:00:00Z,0.050717449786290995,harmonics + GP (current)
2022-02-12T20:00:00Z,0.0015114625607482901,harmonics + GP (current)
2022-02-12T22:00:00Z,0.05598351968757412,harmonics + GP (current)
2022-02-13T00:00:00Z,0.0072510922039544,harmonics + GP (current)
2022-02-13T02:00:00Z,0.24789623052977924,harmonics + GP (current)
2022-02-13T04:00:00Z,0.00929741178748752,harmonics + GP (current)
2022-02-13T06:00:00Z,0.016172824204590062,harmonics + GP (current)
2022-02-13T08:00:00Z,0.02450381053472752,harmonics + GP (current)
2022-02-13T10:00:00Z,0.05471534356936731,harmonics + GP (current)
2022-02-13T12:00:00Z,0.013271096534750157,harmonics + GP (current)
2022-02-13T14:00:00Z,0.01253596262460331,harmonics + GP (current)
2022-02-13T16:00:00Z,0.0021235007537313637,harmonics + GP (current)
2022-02-13T18:00:00Z,0.1434598405221927,harmonics + GP (current)
2022-02-13T20:00:00Z,0.006513436020245411,harmonics + GP (current)
2022-02-13T22:00:00Z,0.0037369399374766717,harmonics + GP (current)
2022-02-14T00:00:00Z,0.015516995824001543,harmonics + GP (current)
2022-02-14T02:00:00Z,0.0017338155878581143,harmonics + GP (current)
2022-02-14T04:00:00Z,5.406226966656856e-4,harmonics + GP (current)
2022-02-14T06:00:00Z,0.005661959374927487,harmonics + GP (current)
2022-02-14T08:00:00Z,1.8184244509453673e-4,harmonics + GP (current)
2022-02-14T10:00:00Z,4.5243625135022033e-4,harmonics + GP (current)
2022-02-14T12:00:00Z,7.893486161133057e-5,harmonics + GP (current)
2022-02-14T14:00:00Z,0.001748337142079398,harmonics + GP (current)
2022-02-14T16:00:00Z,0.0013186065465379108,harmonics + GP (current)
2022-02-14T18:00:00Z,0.007973187169092035,harmonics + GP (current)
2022-02-14T20:00:00Z,4.019692395064766e-4,harmonics + GP (current)
2022-02-14T22:00:00Z,0.006213969522803128,harmonics + GP (current)
2022-02-15T00:00:00Z,0.006337669366131156,harmonics + GP (current)
2022-02-15T02:00:00Z,3.774960310215272e-4,harmonics + GP (current)
2022-02-15T04:00:00Z,0.005674604456017112,harmonics + GP (current)
2022-02-15T06:00:00Z,2.935946106664453e-4,harmonics + GP (current)
2022-02-15T08:00:00Z,8.54344943332624e-4,harmonics + GP (current)
2022-02-15T10:00:00Z,1.1126105591144142e-4,harmonics + GP (current)
2022-02-15T12:00:00Z,9.736903270269345e-4,harmonics + GP (current)
2022-02-15T14:00:00Z,6.087941560319443e-4,harmonics + GP (current)
2022-02-15T16:00:00Z,0.0029698588018487308,harmonics + GP (current)
2022-02-15T18:00:00Z,0.0030659372909906247,harmonics + GP (current)
2022-02-15T20:00:00Z,0.007277668069308709,harmonics + GP (current)
2022-02-15T22:00:00Z,3.367974010157405e-4,harmonics + GP (current)
2022-02-16T00:00:00Z,0.0014451846034344103,harmonics + GP (current)
2022-02-16T02:00:00Z,0.002889525858516791,harmonics + GP (current)
2022-02-16T04:00:00Z,0.0013102866539730158,harmonics + GP (current)
2022-02-16T06:00:00Z,0.0017594422216443786,harmonics + GP (current)
2022-02-16T08:00:00Z,0.0034996069623986804,harmonics + GP (current)
2022-02-16T10:00:00Z,0.007657939935400178,harmonics + GP (current)
2022-02-16T12:00:00Z,2.638168491143626e-4,harmonics + GP (current)
2022-02-16T14:00:00Z,1.2656985030641197e-4,harmonics + GP (current)
2022-02-16T16:00:00Z,0.01473385034240608,harmonics + GP (current)
2022-02-16T18:00:00Z,0.05777018385852576,harmonics + GP (current)
2022-02-16T20:00:00Z,0.008025878724479256,harmonics + GP (current)
2022-02-16T22:00:00Z,6.876622549935548e-4,harmonics + GP (current)
2022-02-17T00:00:00Z,7.885616879799268e-4,harmonics + GP (current)
2022-02-17T02:00:00Z,0.003556658027429599,harmonics + GP (current)
2022-02-17T04:00:00Z,1.4103891779489248e-4,harmonics + GP (current)
2022-02-17T06:00:00Z,5.56232703340665e-4,harmonics + GP (current)
2022-02-17T08:00:00Z,2.0503062866796229e-4,harmonics + GP (current)
2022-02-17T10:00:00Z,2.507457958522274e-4,harmonics + GP (current)
2022-02-17T12:00:00Z,3.2438412146108743e-4,harmonics + GP (current)
2022-02-17T14:00:00Z,4.780529983434093e-4,harmonics + GP (current)
2022-02-17T16:00:00Z,8.72325566243743e-4,harmonics + GP (current)
2022-02-17T18:00:00Z,0.0017461764427336229,harmonics + GP (current)
2022-02-17T20:00:00Z,0.05478572006168678,harmonics + GP (current)
2022-02-17T22:00:00Z,0.002644988615020379,harmonics + GP (current)
2022-02-18T00:00:00Z,0.0032775833101848385,harmonics + GP (current)
2022-02-18T02:00:00Z,8.56953837094487e-4,harmonics + GP (current)
2022-02-18T04:00:00Z,8.093681776741816e-4,harmonics + GP (current)
2022-02-18T06:00:00Z,4.8317212692808173e-4,harmonics + GP (current)
2022-02-18T08:00:00Z,8.85069060430591e-4,harmonics + GP (current)
2022-02-18T10:00:00Z,1.0193165195067381e-4,harmonics + GP (current)
2022-02-18T12:00:00Z,0.002531737315352794,harmonics + GP (current)
2022-02-18T14:00:00Z,0.001104804114334695,harmonics + GP (current)
2022-02-18T16:00:00Z,0.0034375741982469324,harmonics + GP (current)
2022-02-18T18:00:00Z,1.5473224507410732e-5,harmonics + GP (current)
2022-02-18T20:00:00Z,1.5207598391197102e-4,harmonics + GP (current)
2022-02-18T22:00:00Z,1.7250992655449375e-4,harmonics + GP (current)
2022-02-19T00:00:00Z,8.18674973560815e-4,harmonics + GP (current)
2022-02-19T02:00:00Z,4.4005319321428163e-4,harmonics + GP (current)
2022-02-19T04:00:00Z,6.711880610441238e-5,harmonics + GP (current)
2022-02-19T06:00:00Z,2.909814049453738e-4,harmonics + GP (current)
2022-02-19T08:00:00Z,0.0363984687516789,harmonics + GP (current)
2022-02-19T10:00:00Z,1.8261772651011055e-4,harmonics + GP (current)
2022-02-19T12:00:00Z,1.771826740117966e-4,harmonics + GP (current)
2022-02-19T14:00:00Z,1.6489671556260026e-4,harmonics + GP (current)
2022-02-19T16:00:00Z,0.0025845057445713715,harmonics + GP (current)
2022-02-19T18:00:00Z,0.001631566418282183,harmonics + GP (current)
2022-02-19T20:00:00Z,1.4881278240940107e-5,harmonics + GP (current)
2022-02-19T22:00:00Z,1.1534250925764713e-5,harmonics + GP (current)
2022-02-20T00:00:00Z,6.881604770281457e-5,harmonics + GP (current)
2022-02-20T02:00:00Z,7.973277081309846e-5,harmonics + GP (current)
2022-02-20T04:00:00Z,6.520061224184167e-5,harmonics + GP (current)
2022-02-20T06:00:00Z,2.2609183986150712e-4,harmonics + GP (current)
2022-02-20T08:00:00Z,2.360537823886267e-4,harmonics + GP (current)
2022-02-20T10:00:00Z,2.2845211907404146e-5,harmonics + GP (current)
2022-02-20T12:00:00Z,2.5370274382344583e-4,harmonics + GP (current)
2022-02-20T14:00:00Z,3.0108600695641455e-4,harmonics + GP (current)
2022-02-20T16:00:00Z,1.1636314112234471e-4,harmonics + GP (current)
2022-02-20T18:00:00Z,3.521694904837716e-5,harmonics + GP (current)
2022-02-20T20:00:00Z,0.0015663618400339429,harmonics + GP (current)
2022-02-20T22:00:00Z,2.1207268013664272e-4,harmonics + GP (current)
2022-02-21T00:00:00Z,2.1072782699202994e-4,harmonics + GP (current)
2022-02-21T02:00:00Z,0.0020474775320262297,harmonics + GP (current)
2022-02-21T04:00:00Z,1.9938063600492733e-4,harmonics + GP (current)
2022-02-21T06:00:00Z,0.003313549544821044,harmonics + GP (current)
2022-02-21T08:00:00Z,3.9068418531090304e-5,harmonics + GP (current)
2022-02-21T10:00:00Z,0.0013931472825745707,harmonics + GP (current)
2022-02-21T12:00:00Z,5.9812108818605794e-5,harmonics + GP (current)
2022-02-21T14:00:00Z,0.002892062033759485,harmonics + GP (current)
2022-02-21T16:00:00Z,3.097449719764717e-4,harmonics + GP (current)
2022-02-21T18:00:00Z,3.853872852669091e-4,harmonics + GP (current)
2022-02-21T20:00:00Z,0.0032793436676940716,harmonics + GP (current)
2022-02-21T22:00:00Z,0.001342316009975117,harmonics + GP (current)
2022-02-22T00:00:00Z,1.3664503879611635e-4,harmonics + GP (current)
2022-02-22T02:00:00Z,1.8004849591194284e-4,harmonics + GP (current)
2022-02-22T04:00:00Z,1.0335569950696556e-4,harmonics + GP (current)
2022-02-22T06:00:00Z,2.0825930963108005e-4,harmonics + GP (current)
2022-02-22T08:00:00Z,6.0145918747278526e-5,harmonics + GP (current)
2022-02-22T10:00:00Z,8.198577067619244e-4,harmonics + GP (current)
2022-02-22T12:00:00Z,0.002034734076167848,harmonics + GP (current)
2022-02-22T14:00:00Z,1.1879743242190427e-4,harmonics + GP (current)
2022-02-22T16:00:00Z,6.211930730287928e-4,harmonics + GP (current)
2022-02-22T18:00:00Z,0.004142466061186236,harmonics + GP (current)
2022-02-22T20:00:00Z,0.4736702206401469,harmonics + GP (current)
2022-02-22T22:00:00Z,0.006970315815179694,harmonics + GP (current)
2022-02-23T00:00:00Z,1.4714280760994738e-4,harmonics + GP (current)
2022-02-23T02:00:00Z,4.32484431332971e-4,harmonics + GP (current)
2022-02-23T04:00:00Z,0.005063952849946766,harmonics + GP (current)
2022-02-23T06:00:00Z,3.5351060413708256e-4,harmonics + GP (current)
2022-02-23T08:00:00Z,3.131239998860756e-4,harmonics + GP (current)
2022-02-23T10:00:00Z,7.891995426007239e-5,harmonics + GP (current)
2022-02-23T12:00:00Z,6.716473438684724e-4,harmonics + GP (current)
2022-02-23T14:00:00Z,7.206598571647875e-4,harmonics + GP (current)
2022-02-23T16:00:00Z,9.957772158267123e-5,harmonics + GP (current)
2022-02-23T18:00:00Z,0.0020428679419630235,harmonics + GP (current)
2022-02-23T20:00:00Z,0.007120775792170976,harmonics + GP (current)
2022-02-23T22:00:00Z,9.506884667429633e-5,harmonics + GP (current)
2022-02-24T00:00:00Z,3.8936131882850956e-4,harmonics + GP (current)
2022-02-24T02:00:00Z,0.0010128255950935577,harmonics + GP (current)
2022-02-24T04:00:00Z,4.66899798326143e-4,harmonics + GP (current)
2022-02-24T06:00:00Z,1.6133740792113032e-5,harmonics + GP (current)
2022-02-24T08:00:00Z,1.821649152536978e-5,harmonics + GP (current)
2022-02-24T10:00:00Z,5.890186569990602e-5,harmonics + GP (current)
2022-02-24T12:00:00Z,4.676266867382047e-5,harmonics + GP (current)
2022-02-24T14:00:00Z,5.447936410602209e-4,harmonics + GP (current)
2022-02-24T16:00:00Z,0.0026546205336064025,harmonics + GP (current)
2022-02-24T18:00:00Z,0.029105622606431646,harmonics + GP (current)
2022-02-24T20:00:00Z,0.006749251972153182,harmonics + GP (current)
2022-02-24T22:00:00Z,0.03849129995870334,harmonics + GP (current)
2022-02-25T00:00:00Z,0.0035746183832119586,harmonics + GP (current)
2022-02-25T02:00:00Z,0.0028650287005684617,harmonics + GP (current)
2022-02-25T04:00:00Z,1.9814053010959147,harmonics + GP (current)
2022-02-25T06:00:00Z,0.003617417098627715,harmonics + GP (current)
2022-02-25T08:00:00Z,1.8666380331513725e-4,harmonics + GP (current)
2022-02-25T10:00:00Z,1.7411283415690496e-5,harmonics + GP (current)
2022-02-25T12:00:00Z,4.658057559349801e-4,harmonics + GP (current)
2022-02-25T14:00:00Z,4.748039591656975e-4,harmonics + GP (current)
2022-02-25T16:00:00Z,0.002136254943088377,harmonics + GP (current)
2022-02-25T18:00:00Z,0.004658809367252072,harmonics + GP (current)
2022-02-25T20:00:00Z,0.0056649317453478275,harmonics + GP (current)
2022-02-25T22:00:00Z,0.001776192922999372,harmonics + GP (current)
2022-02-26T00:00:00Z,3.875017654228592e-4,harmonics + GP (current)
2022-02-26T02:00:00Z,0.011318349452493817,harmonics + GP (current)
2022-02-26T04:00:00Z,0.0038432968196371697,harmonics + GP (current)
2022-02-26T06:00:00Z,0.4796102860764959,harmonics + GP (current)
2022-02-26T08:00:00Z,0.034919080652812844,harmonics + GP (current)
2022-02-26T10:00:00Z,6.616688301473512e-5,harmonics + GP (current)
2022-02-26T12:00:00Z,5.653371949234051e-4,harmonics + GP (current)
2022-02-26T14:00:00Z,0.0024839456246424033,harmonics + GP (current)
2022-02-26T16:00:00Z,1.7511271841615464e-4,harmonics + GP (current)
2022-02-26T18:00:00Z,1.3639546406620046e-4,harmonics + GP (current)
2022-02-26T20:00:00Z,0.0075921865064619495,harmonics + GP (current)
2022-02-26T22:00:00Z,0.003370199979383594,harmonics + GP (current)
2022-02-27T00:00:00Z,1.2044034784630674e-4,harmonics + GP (current)
2022-02-27T02:00:00Z,4.7736413389670083e-4,harmonics + GP (current)
2022-02-27T04:00:00Z,5.599748679231241e-4,harmonics + GP (current)
2022-02-27T06:00:00Z,0.030800146992038403,harmonics + GP (current)
2022-02-27T08:00:00Z,6.615496522752165e-4,harmonics + GP (current)
2022-02-27T10:00:00Z,0.6746019424244086,harmonics + GP (current)
2022-02-27T12:00:00Z,4.228292904510833e-4,harmonics + GP (current)
2022-02-27T14:00:00Z,7.923499178941346e-4,harmonics + GP (current)
2022-02-27T16:00:00Z,2.781718771083837e-4,harmonics + GP (current)
2022-02-27T18:00:00Z,0.002455495624831253,harmonics + GP (current)
2022-02-27T20:00:00Z,6.695130945648155e-5,harmonics + GP (current)
2022-02-27T22:00:00Z,0.0014110749044502898,harmonics + GP (current)
2022-02-28T00:00:00Z,0.001920775566477168,harmonics + GP (current)
2022-02-28T02:00:00Z,0.011782889446600383,harmonics + GP (current)
2022-02-28T04:00:00Z,8.25425766291757e-5,harmonics + GP (current)
2022-02-28T06:00:00Z,0.0021687866927959714,harmonics + GP (current)
2022-02-28T08:00:00Z,0.010537153286275958,harmonics + GP (current)
2022-02-28T10:00:00Z,0.004866638898625232,harmonics + GP (current)
2022-02-28T12:00:00Z,0.0026114089658481293,harmonics + GP (current)
2022-02-28T14:00:00Z,0.004973080274994964,harmonics + GP (current)
2022-02-28T16:00:00Z,0.01479049678670132,harmonics + GP (current)
2022-02-28T18:00:00Z,0.010406062951507663,harmonics + GP (current)
2022-02-28T20:00:00Z,0.00249827117195433,harmonics + GP (current)
2022-02-28T22:00:00Z,0.00891235040509995,harmonics + GP (current)
2022-03-01T00:00:00Z,0.006402686247253957,harmonics + GP (current)
2022-03-01T02:00:00Z,0.009329892747895644,harmonics + GP (current)
2022-03-01T04:00:00Z,0.0032064207771477457,harmonics + GP (current)
2022-03-01T06:00:00Z,6.472231391851512e-4,harmonics + GP (current)
2022-03-01T08:00:00Z,0.0016712323597321745,harmonics + GP (current)
2022-03-01T10:00:00Z,0.0011987689663133586,harmonics + GP (current)
2022-03-01T12:00:00Z,0.006114407880373538,harmonics + GP (current)
2022-03-01T14:00:00Z,0.014918536068604422,harmonics + GP (current)
2022-03-01T16:00:00Z,0.004224303742692373,harmonics + GP (current)
2022-03-01T18:00:00Z,0.5599481683429899,harmonics + GP (current)
2022-03-01T20:00:00Z,5.654501810681301e-4,harmonics + GP (current)
2022-03-01T22:00:00Z,8.554155943506091e-4,harmonics + GP (current)
2022-03-02T00:00:00Z,0.0024115730021967334,harmonics + GP (current)
2022-03-02T02:00:00Z,2.1483293576466617e-4,harmonics + GP (current)
2022-03-02T04:00:00Z,0.00668871016698615,harmonics + GP (current)
2022-03-02T06:00:00Z,7.126894070592674e-4,harmonics + GP (current)
2022-03-02T08:00:00Z,0.012465646494266503,harmonics + GP (current)
2022-03-02T10:00:00Z,1.0481349360777575e-4,harmonics + GP (current)
2022-03-02T12:00:00Z,4.804712248871105e-4,harmonics + GP (current)
2022-03-02T14:00:00Z,3.2819868560583635e-4,harmonics + GP (current)
2022-03-02T16:00:00Z,4.365868117819869e-4,harmonics + GP (current)
2022-03-02T18:00:00Z,0.017988376706578033,harmonics + GP (current)
2022-03-02T20:00:00Z,0.007217039144568877,harmonics + GP (current)
2022-03-02T22:00:00Z,0.5457360235685945,harmonics + GP (current)
2022-03-03T00:00:00Z,0.0017130571404404729,harmonics + GP (current)
2022-03-03T02:00:00Z,9.20308997153925e-4,harmonics + GP (current)
2022-03-03T04:00:00Z,0.005569286895746015,harmonics + GP (current)
2022-03-03T06:00:00Z,8.533972115719663e-4,harmonics + GP (current)
2022-03-03T08:00:00Z,2.2163741037903425e-4,harmonics + GP (current)
2022-03-03T10:00:00Z,0.0033471387239426094,harmonics + GP (current)
2022-03-03T12:00:00Z,1.4289784267198449e-5,harmonics + GP (current)
2022-03-03T14:00:00Z,7.064738959998877e-4,harmonics + GP (current)
2022-03-03T16:00:00Z,0.002389238950948435,harmonics + GP (current)
2022-03-03T18:00:00Z,0.009734581545886979,harmonics + GP (current)
2022-03-03T20:00:00Z,4.98123726736093e-4,harmonics + GP (current)
2022-03-03T22:00:00Z,6.851107367332533e-4,harmonics + GP (current)
2022-03-04T00:00:00Z,0.0040112237536091494,harmonics + GP (current)
2022-03-04T02:00:00Z,1.0238693443831135,harmonics + GP (current)
2022-03-04T04:00:00Z,0.002334346060176746,harmonics + GP (current)
2022-03-04T06:00:00Z,0.006515497246244249,harmonics + GP (current)
2022-03-04T08:00:00Z,0.0021420117410948553,harmonics + GP (current)
2022-03-04T10:00:00Z,4.162339873426047e-4,harmonics + GP (current)
2022-03-04T12:00:00Z,3.794274120570139e-4,harmonics + GP (current)
2022-03-04T14:00:00Z,0.00791708993946047,harmonics + GP (current)
2022-03-04T16:00:00Z,0.0017692046149612854,harmonics + GP (current)
2022-03-04T18:00:00Z,0.013107085561987735,harmonics + GP (current)
2022-03-04T20:00:00Z,2.463853974669485e-4,harmonics + GP (current)
2022-03-04T22:00:00Z,0.0016393228381684744,harmonics + GP (current)
2022-03-05T00:00:00Z,0.004006486103902785,harmonics + GP (current)
2022-03-05T02:00:00Z,0.02182860431686963,harmonics + GP (current)
2022-03-05T04:00:00Z,0.0027728474357424913,harmonics + GP (current)
2022-03-05T06:00:00Z,0.7219155252767152,harmonics + GP (current)
2022-03-05T08:00:00Z,5.243240262827332e-4,harmonics + GP (current)
2022-03-05T10:00:00Z,0.007339159371772766,harmonics + GP (current)
2022-03-05T12:00:00Z,0.003498418557037994,harmonics + GP (current)
2022-03-05T14:00:00Z,0.001161705519980205,harmonics + GP (current)
2022-03-05T16:00:00Z,6.243356653998529e-4,harmonics + GP (current)
2022-03-05T18:00:00Z,0.004141243315149845,harmonics + GP (current)
2022-03-05T20:00:00Z,0.0010511009341636949,harmonics + GP (current)
2022-03-05T22:00:00Z,0.0060770930017799586,harmonics + GP (current)
2022-03-06T00:00:00Z,0.0015627439892524557,harmonics + GP (current)
2022-03-06T02:00:00Z,0.01803222881995513,harmonics + GP (current)
2022-03-06T04:00:00Z,0.002544247570709914,harmonics + GP (current)
2022-03-06T06:00:00Z,0.030835236975171577,harmonics + GP (current)
2022-03-06T08:00:00Z,0.0020186376737137157,harmonics + GP (current)
2022-03-06T10:00:00Z,3.048331430935176e-4,harmonics + GP (current)
2022-03-06T12:00:00Z,1.261482372862199e-4,harmonics + GP (current)
2022-03-06T14:00:00Z,0.006036161016609802,harmonics + GP (current)
2022-03-06T16:00:00Z,1.9859436665056726e-4,harmonics + GP (current)
2022-03-06T18:00:00Z,0.003917570177157747,harmonics + GP (current)
2022-03-06T20:00:00Z,0.002003486094361568,harmonics + GP (current)
2022-03-06T22:00:00Z,1.8749180790434105e-4,harmonics + GP (current)
2022-03-07T00:00:00Z,4.040798162160583e-4,harmonics + GP (current)
2022-03-07T02:00:00Z,0.012132606172656263,harmonics + GP (current)
2022-03-07T04:00:00Z,0.00505104727756981,harmonics + GP (current)
2022-03-07T06:00:00Z,0.0013667196093388844,harmonics + GP (current)
2022-03-07T08:00:00Z,5.3892438807041726e-5,harmonics + GP (current)
2022-03-07T10:00:00Z,0.0021938014561669367,harmonics + GP (current)
2022-03-07T12:00:00Z,8.092213361713596e-4,harmonics + GP (current)
2022-03-07T14:00:00Z,8.836752832317644e-4,harmonics + GP (current)
2022-03-07T16:00:00Z,3.215560165035959e-4,harmonics + GP (current)
2022-03-07T18:00:00Z,0.0031184343430722167,harmonics + GP (current)
2022-03-07T20:00:00Z,0.00693785600213162,harmonics + GP (current)
2022-03-07T22:00:00Z,0.009668273076627603,harmonics + GP (current)
2022-03-08T00:00:00Z,0.016730242667097633,harmonics + GP (current)
2022-03-08T02:00:00Z,5.482370903154634e-4,harmonics + GP (current)
2022-03-08T04:00:00Z,1.9173267735122875e-4,harmonics + GP (current)
2022-03-08T06:00:00Z,6.045028291332904e-4,harmonics + GP (current)
2022-03-08T08:00:00Z,7.878633540015205e-4,harmonics + GP (current)
2022-03-08T10:00:00Z,0.004551336678474142,harmonics + GP (current)
2022-03-08T12:00:00Z,0.0014648612833438887,harmonics + GP (current)
2022-03-08T14:00:00Z,2.2278409241281597e-4,harmonics + GP (current)
2022-03-08T16:00:00Z,0.0029526368332404556,harmonics + GP (current)
2022-03-08T18:00:00Z,0.002123843217480482,harmonics + GP (current)
2022-03-08T20:00:00Z,0.023473196522387732,harmonics + GP (current)
2022-03-08T22:00:00Z,0.004470326449386555,harmonics + GP (current)
2022-03-09T00:00:00Z,0.01733952535891437,harmonics + GP (current)
2022-03-09T02:00:00Z,0.008579279884531433,harmonics + GP (current)
2022-03-09T04:00:00Z,0.0015815404893568866,harmonics + GP (current)
2022-03-09T06:00:00Z,2.625472070301316e-4,harmonics + GP (current)
2022-03-09T08:00:00Z,0.0020384363120474177,harmonics + GP (current)
2022-03-09T10:00:00Z,0.006979871999401331,harmonics + GP (current)
2022-03-09T12:00:00Z,0.003613815568609251,harmonics + GP (current)
2022-03-09T14:00:00Z,7.109282888108066e-4,harmonics + GP (current)
2022-03-09T16:00:00Z,0.00441092974625921,harmonics + GP (current)
2022-03-09T18:00:00Z,0.001953586652093337,harmonics + GP (current)
2022-03-09T20:00:00Z,0.08768935453008789,harmonics + GP (current)
2022-03-09T22:00:00Z,0.0012661094028988773,harmonics + GP (current)
2022-03-10T00:00:00Z,2.2451472186009835e-4,harmonics + GP (current)
2022-03-10T02:00:00Z,0.007369575603537177,harmonics + GP (current)
2022-03-10T04:00:00Z,0.003063176786562316,harmonics + GP (current)
2022-03-10T06:00:00Z,0.001853327573098265,harmonics + GP (current)
2022-03-10T08:00:00Z,0.0024701581205411748,harmonics + GP (current)
2022-03-10T10:00:00Z,9.791077102639276e-4,harmonics + GP (current)
2022-03-10T12:00:00Z,0.01255742319725128,harmonics + GP (current)
2022-03-10T14:00:00Z,0.00174559000440498,harmonics + GP (current)
2022-03-10T16:00:00Z,0.011081268981394915,harmonics + GP (current)
2022-03-10T18:00:00Z,0.009415004256083827,harmonics + GP (current)
2022-03-10T20:00:00Z,0.002349326249708314,harmonics + GP (current)
2022-03-10T22:00:00Z,0.007626655783885777,harmonics + GP (current)
2022-03-11T00:00:00Z,1.0719667439760836,harmonics + GP (current)
2022-03-11T02:00:00Z,0.00887403732884878,harmonics + GP (current)
2022-03-11T04:00:00Z,0.0037085211014380843,harmonics + GP (current)
2022-03-11T06:00:00Z,0.005587129643470768,harmonics + GP (current)
2022-03-11T08:00:00Z,8.707284824249288e-4,harmonics + GP (current)
2022-03-11T10:00:00Z,0.00236663620716064,harmonics + GP (current)
2022-03-11T12:00:00Z,3.6260798348245436e-4,harmonics + GP (current)
2022-03-11T14:00:00Z,0.007412315950109168,harmonics + GP (current)
2022-03-11T16:00:00Z,0.0014038501205670157,harmonics + GP (current)
2022-03-11T18:00:00Z,0.018611916185454387,harmonics + GP (current)
2022-03-11T20:00:00Z,0.013658323154971964,harmonics + GP (current)
2022-03-11T22:00:00Z,0.06635804450643931,harmonics + GP (current)
2022-03-12T00:00:00Z,0.009004564683712886,harmonics + GP (current)
2022-03-12T02:00:00Z,5.437104190044508e-4,harmonics + GP (current)
2022-03-12T04:00:00Z,0.010467532428931677,harmonics + GP (current)
2022-03-12T06:00:00Z,0.004820556135544711,harmonics + GP (current)
2022-03-12T08:00:00Z,0.016136248102167145,harmonics + GP (current)
2022-03-12T10:00:00Z,0.0013386748312220241,harmonics + GP (current)
2022-03-12T12:00:00Z,0.0027389619510235614,harmonics + GP (current)
2022-03-12T14:00:00Z,0.012689161590431172,harmonics + GP (current)
2022-03-12T16:00:00Z,0.03208175619287756,harmonics + GP (current)
2022-03-12T18:00:00Z,2.9125397207762564e-4,harmonics + GP (current)
2022-03-12T20:00:00Z,0.03307108241529409,harmonics + GP (current)
2022-03-12T22:00:00Z,0.0016264426432843558,harmonics + GP (current)
2022-03-13T00:00:00Z,2.107166898933439e-4,harmonics + GP (current)
2022-03-13T02:00:00Z,0.0027594403094466902,harmonics + GP (current)
2022-03-13T04:00:00Z,4.919525400107228e-4,harmonics + GP (current)
2022-03-13T06:00:00Z,4.207571703174924e-4,harmonics + GP (current)
2022-03-13T08:00:00Z,8.498799198886249e-4,harmonics + GP (current)
2022-03-13T10:00:00Z,0.014259130823681543,harmonics + GP (current)
2022-03-13T12:00:00Z,0.007296539465512446,harmonics + GP (current)
2022-03-13T14:00:00Z,4.142787783691405e-4,harmonics + GP (current)
2022-03-13T16:00:00Z,0.0025990012533414313,harmonics + GP (current)
2022-03-13T18:00:00Z,0.0064409332225916225,harmonics + GP (current)
2022-03-13T20:00:00Z,0.003185552278038472,harmonics + GP (current)
2022-03-13T22:00:00Z,0.005559601859954731,harmonics + GP (current)
2022-03-14T00:00:00Z,0.003319284146548168,harmonics + GP (current)
2022-03-14T02:00:00Z,2.0003528450751525e-4,harmonics + GP (current)
2022-03-14T04:00:00Z,0.0024677869949175373,harmonics + GP (current)
2022-03-14T06:00:00Z,9.09434615412902e-5,harmonics + GP (current)
2022-03-14T08:00:00Z,0.0036220207733295155,harmonics + GP (current)
2022-03-14T10:00:00Z,0.002666769205680234,harmonics + GP (current)
2022-03-14T12:00:00Z,1.886074672748266e-4,harmonics + GP (current)
2022-03-14T14:00:00Z,1.449852931117372e-4,harmonics + GP (current)
2022-03-14T16:00:00Z,0.006110985437984334,harmonics + GP (current)
2022-03-14T18:00:00Z,0.0015738726210810811,harmonics + GP (current)
2022-03-14T20:00:00Z,0.01252336249137629,harmonics + GP (current)
2022-03-14T22:00:00Z,0.01481775813572265,harmonics + GP (current)
2022-03-15T00:00:00Z,0.001745152572671017,harmonics + GP (current)
2022-03-15T02:00:00Z,0.001403761430434408,harmonics + GP (current)
2022-03-15T04:00:00Z,0.01817772565798106,harmonics + GP (current)
2022-03-15T06:00:00Z,0.036942349967004476,harmonics + GP (current)
2022-03-15T08:00:00Z,0.0012665322269959681,harmonics + GP (current)
2022-03-15T10:00:00Z,0.0037799177803564486,harmonics + GP (current)
2022-03-15T12:00:00Z,0.004374626186522894,harmonics + GP (current)
2022-03-15T14:00:00Z,0.035103282689242676,harmonics + GP (current)
2022-03-15T16:00:00Z,1.3727821621450582,harmonics + GP (current)
2022-03-15T18:00:00Z,0.039748933512840555,harmonics + GP (current)
2022-03-15T20:00:00Z,0.026560176050766385,harmonics + GP (current)
2022-03-15T22:00:00Z,0.004487705416921838,harmonics + GP (current)
2022-03-16T00:00:00Z,0.009112826901792551,harmonics + GP (current)
2022-03-16T02:00:00Z,2.9219827237666546e-4,harmonics + GP (current)
2022-03-16T04:00:00Z,5.681920678898873e-4,harmonics + GP (current)
2022-03-16T06:00:00Z,0.002055080213696439,harmonics + GP (current)
2022-03-16T08:00:00Z,0.0013633599545190024,harmonics + GP (current)
2022-03-16T10:00:00Z,0.017646901703423295,harmonics + GP (current)
2022-03-16T12:00:00Z,0.004300751021378754,harmonics + GP (current)
2022-03-16T14:00:00Z,3.0701908618384246e-4,harmonics + GP (current)
2022-03-16T16:00:00Z,0.0038692050719860063,harmonics + GP (current)
2022-03-16T18:00:00Z,0.007019490770435983,harmonics + GP (current)
2022-03-16T20:00:00Z,3.4410007590287326,harmonics + GP (current)
2022-03-16T22:00:00Z,0.022611706438859413,harmonics + GP (current)
2022-03-17T00:00:00Z,0.0020774266429064076,harmonics + GP (current)
2022-03-17T02:00:00Z,4.562499755068476e-5,harmonics + GP (current)
2022-03-17T04:00:00Z,0.0016647749272562689,harmonics + GP (current)
2022-03-17T06:00:00Z,0.0015080546854192869,harmonics + GP (current)
2022-03-17T08:00:00Z,0.0014614899642119061,harmonics + GP (current)
2022-03-17T10:00:00Z,1.371734730768073e-4,harmonics + GP (current)
2022-03-17T12:00:00Z,6.877562214691082e-4,harmonics + GP (current)
2022-03-17T14:00:00Z,1.125210073810803e-4,harmonics + GP (current)
2022-03-17T16:00:00Z,0.005878684261171235,harmonics + GP (current)
2022-03-17T18:00:00Z,0.006131075810941052,harmonics + GP (current)
2022-03-17T20:00:00Z,0.002725471918181519,harmonics + GP (current)
2022-03-17T22:00:00Z,0.006620823126881303,harmonics + GP (current)
2022-03-18T00:00:00Z,0.0057929618791961405,harmonics + GP (current)
2022-03-18T02:00:00Z,0.0028782125551446757,harmonics + GP (current)
2022-03-18T04:00:00Z,0.0023058216473242415,harmonics + GP (current)
2022-03-18T06:00:00Z,0.0032605765608263748,harmonics + GP (current)
2022-03-18T08:00:00Z,0.017964352776390545,harmonics + GP (current)
2022-03-18T10:00:00Z,0.03210698345013461,harmonics + GP (current)
2022-03-18T12:00:00Z,0.0024987887487794335,harmonics + GP (current)
2022-03-18T14:00:00Z,0.0022962298431520494,harmonics + GP (current)
2022-03-18T16:00:00Z,6.659154086744113e-4,harmonics + GP (current)
2022-03-18T18:00:00Z,0.0045168306583992105,harmonics + GP (current)
2022-03-18T20:00:00Z,0.003451042157510562,harmonics + GP (current)
2022-03-18T22:00:00Z,0.025919076952325516,harmonics + GP (current)
2022-03-19T00:00:00Z,0.012949034479250787,harmonics + GP (current)
2022-03-19T02:00:00Z,0.006896532957266557,harmonics + GP (current)
2022-03-19T04:00:00Z,0.4067575429244207,harmonics + GP (current)
2022-03-19T06:00:00Z,0.0013706672507480836,harmonics + GP (current)
2022-03-19T08:00:00Z,0.016015681162461857,harmonics + GP (current)
2022-03-19T10:00:00Z,6.72052589703656e-4,harmonics + GP (current)
2022-03-19T12:00:00Z,0.0017864625637219792,harmonics + GP (current)
2022-03-19T14:00:00Z,9.837570288398972e-5,harmonics + GP (current)
2022-03-19T16:00:00Z,0.008565999742677752,harmonics + GP (current)
2022-03-19T18:00:00Z,0.0023427197095851307,harmonics + GP (current)
2022-03-19T20:00:00Z,0.006474560243672163,harmonics + GP (current)
2022-03-19T22:00:00Z,0.0016528419571571558,harmonics + GP (current)
2022-03-20T00:00:00Z,8.292738058408673e-5,harmonics + GP (current)
2022-03-20T02:00:00Z,0.003640992214423705,harmonics + GP (current)
2022-03-20T04:00:00Z,3.6768189378075673e-4,harmonics + GP (current)
2022-03-20T06:00:00Z,4.467554873462329e-4,harmonics + GP (current)
2022-03-20T08:00:00Z,0.004977823888793781,harmonics + GP (current)
2022-03-20T10:00:00Z,0.0015474907241773295,harmonics + GP (current)
2022-03-20T12:00:00Z,3.933739292247865e-4,harmonics + GP (current)
2022-03-20T14:00:00Z,0.0012642213331712018,harmonics + GP (current)
2022-03-20T16:00:00Z,0.00214913060822544,harmonics + GP (current)
2022-03-20T18:00:00Z,0.0030325428133743753,harmonics + GP (current)
2022-03-20T20:00:00Z,7.110100905470506e-4,harmonics + GP (current)
2022-03-20T22:00:00Z,7.279330659141163e-5,harmonics + GP (current)
2022-03-21T00:00:00Z,2.505854267784973e-5,harmonics + GP (current)
2022-03-21T02:00:00Z,0.001499472124493334,harmonics + GP (current)
2022-03-21T04:00:00Z,0.0024570939586810547,harmonics + GP (current)
2022-03-21T06:00:00Z,6.809714954311838e-4,harmonics + GP (current)
2022-03-21T08:00:00Z,0.0020728871785562564,harmonics + GP (current)
2022-03-21T10:00:00Z,0.14449407280600865,harmonics + GP (current)
2022-03-21T12:00:00Z,3.189284326281278e-4,harmonics + GP (current)
2022-03-21T14:00:00Z,1.2568663365754927e-4,harmonics + GP (current)
2022-03-21T16:00:00Z,0.0031899604052147983,harmonics + GP (current)
2022-03-21T18:00:00Z,1.1570923139958995e-5,harmonics + GP (current)
2022-03-21T20:00:00Z,3.337613608890045e-4,harmonics + GP (current)
2022-03-21T22:00:00Z,0.014899321052708414,harmonics + GP (current)
2022-03-22T00:00:00Z,0.003382122854890867,harmonics + GP (current)
2022-03-22T02:00:00Z,0.0057679119098261985,harmonics + GP (current)
2022-03-22T04:00:00Z,4.0022412050684503e-4,harmonics + GP (current)
2022-03-22T06:00:00Z,0.0010620188061213863,harmonics + GP (current)
2022-03-22T08:00:00Z,5.90738548215482e-5,harmonics + GP (current)
2022-03-22T10:00:00Z,3.67663418269909e-4,harmonics + GP (current)
2022-03-22T12:00:00Z,0.0026270151957907117,harmonics + GP (current)
2022-03-22T14:00:00Z,0.01997566561599585,harmonics + GP (current)
2022-03-22T16:00:00Z,0.004625664500987747,harmonics + GP (current)
2022-03-22T18:00:00Z,5.797011199025784e-4,harmonics + GP (current)
2022-03-22T20:00:00Z,0.007451897582348798,harmonics + GP (current)
2022-03-22T22:00:00Z,0.0068167517890408615,harmonics + GP (current)
2022-03-23T00:00:00Z,0.008506444870097992,harmonics + GP (current)
2022-03-23T02:00:00Z,1.1624882608477242e-4,harmonics + GP (current)
2022-03-23T04:00:00Z,1.2484784902591357e-5,harmonics + GP (current)
2022-03-23T06:00:00Z,0.0011030825230597448,harmonics + GP (current)
2022-03-23T08:00:00Z,0.0027180183632752324,harmonics + GP (current)
2022-03-23T10:00:00Z,7.910018300055286e-4,harmonics + GP (current)
2022-03-23T12:00:00Z,1.1479197872705798e-4,harmonics + GP (current)
2022-03-23T14:00:00Z,1.3149842010871945e-4,harmonics + GP (current)
2022-03-23T16:00:00Z,0.002916390219491427,harmonics + GP (current)
2022-03-23T18:00:00Z,2.4072899339965135,harmonics + GP (current)
2022-03-23T20:00:00Z,0.008246851564821814,harmonics + GP (current)
2022-03-23T22:00:00Z,2.8918284411277954e-4,harmonics + GP (current)
2022-03-24T00:00:00Z,2.4309258090764264e-4,harmonics + GP (current)
2022-03-24T02:00:00Z,4.281605852591504e-4,harmonics + GP (current)
2022-03-24T04:00:00Z,6.793659022612e-4,harmonics + GP (current)
2022-03-24T06:00:00Z,0.0025557987507941007,harmonics + GP (current)
2022-03-24T08:00:00Z,8.167017206314774e-4,harmonics + GP (current)
2022-03-24T10:00:00Z,0.003710005250943443,harmonics + GP (current)
2022-03-24T12:00:00Z,3.5683828077539735e-4,harmonics + GP (current)
2022-03-24T14:00:00Z,0.0010910310513579252,harmonics + GP (current)
2022-03-24T16:00:00Z,8.260463067839023e-4,harmonics + GP (current)
2022-03-24T18:00:00Z,0.0016317682449770662,harmonics + GP (current)
2022-03-24T20:00:00Z,0.01975225412218842,harmonics + GP (current)
2022-03-24T22:00:00Z,2.6528544968222736,harmonics + GP (current)
2022-03-25T00:00:00Z,0.021403655808620456,harmonics + GP (current)
2022-03-25T02:00:00Z,0.001190390330197908,harmonics + GP (current)
2022-03-25T04:00:00Z,1.2402325304730765e-4,harmonics + GP (current)
2022-03-25T06:00:00Z,0.0011339176752416062,harmonics + GP (current)
2022-03-25T08:00:00Z,2.135157723398079e-4,harmonics + GP (current)
2022-03-25T10:00:00Z,0.002699881825552485,harmonics + GP (current)
2022-03-25T12:00:00Z,0.01339351499960494,harmonics + GP (current)
2022-03-25T14:00:00Z,0.01679756280832725,harmonics + GP (current)
2022-03-25T16:00:00Z,0.0018271700650155651,harmonics + GP (current)
2022-03-25T18:00:00Z,0.0063516922039714326,harmonics + GP (current)
2022-03-25T20:00:00Z,5.68450384507817e-4,harmonics + GP (current)
2022-03-25T22:00:00Z,2.2111622510954983e-4,harmonics + GP (current)
2022-03-26T00:00:00Z,0.0036946525933713257,harmonics + GP (current)
2022-03-26T02:00:00Z,0.007226683835367419,harmonics + GP (current)
2022-03-26T04:00:00Z,0.00808720159383373,harmonics + GP (current)
2022-03-26T06:00:00Z,0.009104172191017926,harmonics + GP (current)
2022-03-26T08:00:00Z,0.0036420911467774904,harmonics + GP (current)
2022-03-26T10:00:00Z,8.672120951584623e-4,harmonics + GP (current)
2022-03-26T12:00:00Z,0.0025176805879821985,harmonics + GP (current)
2022-03-26T14:00:00Z,0.003717417870373708,harmonics + GP (current)
2022-03-26T16:00:00Z,0.0027597959090185455,harmonics + GP (current)
2022-03-26T18:00:00Z,0.007960601720201181,harmonics + GP (current)
2022-03-26T20:00:00Z,0.0024816707862551834,harmonics + GP (current)
2022-03-26T22:00:00Z,0.016817188333574873,harmonics + GP (current)
2022-03-27T00:00:00Z,0.005619475639511064,harmonics + GP (current)
2022-03-27T02:00:00Z,0.0011811714545534588,harmonics + GP (current)
2022-03-27T04:00:00Z,0.003123001610800925,harmonics + GP (current)
2022-03-27T06:00:00Z,2.161565268762898e-5,harmonics + GP (current)
2022-03-27T08:00:00Z,1.989703887546267e-5,harmonics + GP (current)
2022-03-27T10:00:00Z,1.8301418006798364e-4,harmonics + GP (current)
2022-03-27T12:00:00Z,0.012914409125896772,harmonics + GP (current)
2022-03-27T14:00:00Z,3.5453849641522723e-4,harmonics + GP (current)
2022-03-27T16:00:00Z,0.0021273555690950836,harmonics + GP (current)
2022-03-27T18:00:00Z,0.0132974139604847,harmonics + GP (current)
2022-03-27T20:00:00Z,0.010901443248363002,harmonics + GP (current)
2022-03-27T22:00:00Z,7.626563832140689e-4,harmonics + GP (current)
2022-03-28T00:00:00Z,0.0015509889104186358,harmonics + GP (current)
2022-03-28T02:00:00Z,1.445789569845444e-4,harmonics + GP (current)
2022-03-28T04:00:00Z,0.01808452637247791,harmonics + GP (current)
2022-03-28T06:00:00Z,4.014726076566995e-4,harmonics + GP (current)
2022-03-28T08:00:00Z,2.351506905321765e-4,harmonics + GP (current)
2022-03-28T10:00:00Z,0.00626845948129202,harmonics + GP (current)
2022-03-28T12:00:00Z,1.5659323445664785e-4,harmonics + GP (current)
2022-03-28T14:00:00Z,1.0156813958080193e-4,harmonics + GP (current)
2022-03-28T16:00:00Z,1.288250307582273e-4,harmonics + GP (current)
2022-03-28T18:00:00Z,0.0012499752332109744,harmonics + GP (current)
2022-03-28T20:00:00Z,0.0030809337886567307,harmonics + GP (current)
2022-03-28T22:00:00Z,4.915426193567852e-4,harmonics + GP (current)
2022-03-29T00:00:00Z,9.1123581613461e-4,harmonics + GP (current)
2022-03-29T02:00:00Z,1.259084892862669e-4,harmonics + GP (current)
2022-03-29T04:00:00Z,0.003701110812534159,harmonics + GP (current)
2022-03-29T06:00:00Z,0.0015700065640027606,harmonics + GP (current)
2022-03-29T08:00:00Z,0.0014329014189942816,harmonics + GP (current)
2022-03-29T10:00:00Z,9.269110165444194e-4,harmonics + GP (current)
2022-03-29T12:00:00Z,1.1622685250388452e-4,harmonics + GP (current)
2022-03-29T14:00:00Z,0.004059149746499591,harmonics + GP (current)
2022-03-29T16:00:00Z,0.002517964769165475,harmonics + GP (current)
2022-03-29T18:00:00Z,1.7945955516771264e-4,harmonics + GP (current)
2022-03-29T20:00:00Z,0.001565821794808465,harmonics + GP (current)
2022-03-29T22:00:00Z,8.787821487180697e-4,harmonics + GP (current)
2022-03-30T00:00:00Z,3.2555437465985856e-5,harmonics + GP (current)
2022-03-30T02:00:00Z,5.481638124634976e-4,harmonics + GP (current)
2022-03-30T04:00:00Z,7.126450741023911e-5,harmonics + GP (current)
2022-03-30T06:00:00Z,0.003609922846359086,harmonics + GP (current)
2022-03-30T08:00:00Z,5.36391993019428e-4,harmonics + GP (current)
2022-03-30T10:00:00Z,0.011312155896826106,harmonics + GP (current)
2022-03-30T12:00:00Z,0.006121367003641646,harmonics + GP (current)
2022-03-30T14:00:00Z,0.00878001861808098,harmonics + GP (current)
2022-03-30T16:00:00Z,7.078718008685604e-4,harmonics + GP (current)
2022-03-30T18:00:00Z,1.773201193612434e-4,harmonics + GP (current)
2022-03-30T20:00:00Z,0.006536625456634137,harmonics + GP (current)
2022-03-30T22:00:00Z,0.0010571382623370982,harmonics + GP (current)
2022-03-31T00:00:00Z,3.5693403516880753e-4,harmonics + GP (current)
2022-03-31T02:00:00Z,4.615482911930621e-4,harmonics + GP (current)
2022-03-31T04:00:00Z,0.0015913321137025532,harmonics + GP (current)
2022-03-31T06:00:00Z,2.4678497622075224e-4,harmonics + GP (current)
2022-03-31T08:00:00Z,0.0021108543596083614,harmonics + GP (current)
2022-03-31T10:00:00Z,2.597118990805163e-4,harmonics + GP (current)
2022-03-31T12:00:00Z,4.458133489284851e-4,harmonics + GP (current)
2022-03-31T14:00:00Z,7.891890444137922e-5,harmonics + GP (current)
2022-03-31T16:00:00Z,0.010147023950115701,harmonics + GP (current)
2022-03-31T18:00:00Z,0.005488007628184806,harmonics + GP (current)
2022-03-31T20:00:00Z,0.17760598963531285,harmonics + GP (current)
2022-03-31T22:00:00Z,0.014287029233401685,harmonics + GP (current)
2022-04-01T00:00:00Z,0.001240863857861848,harmonics + GP (current)
2022-04-01T02:00:00Z,0.0029461942974601013,harmonics + GP (current)
2022-04-01T04:00:00Z,1.1445595728884189e-4,harmonics + GP (current)
2022-04-01T06:00:00Z,1.0343880619078176e-4,harmonics + GP (current)
2022-04-01T08:00:00Z,0.002900385046476439,harmonics + GP (current)
2022-04-01T10:00:00Z,0.001196396586805763,harmonics + GP (current)
2022-04-01T12:00:00Z,0.004602814338412175,harmonics + GP (current)
2022-04-01T14:00:00Z,0.002011702908403876,harmonics + GP (current)
2022-04-01T16:00:00Z,6.112639860327162e-4,harmonics + GP (current)
2022-04-01T18:00:00Z,0.0013966599684239137,harmonics + GP (current)
2022-04-01T20:00:00Z,0.006460463515332707,harmonics + GP (current)
2022-04-01T22:00:00Z,0.010691069575842595,harmonics + GP (current)
2022-04-02T00:00:00Z,1.6058775179874532,harmonics + GP (current)
2022-04-02T02:00:00Z,0.0033567681014459966,harmonics + GP (current)
2022-04-02T04:00:00Z,5.2381300306518475e-5,harmonics + GP (current)
2022-04-02T06:00:00Z,2.4009958639039633e-4,harmonics + GP (current)
2022-04-02T08:00:00Z,0.0039385027913999915,harmonics + GP (current)
2022-04-02T10:00:00Z,2.072954305647426e-4,harmonics + GP (current)
2022-04-02T12:00:00Z,7.555724396881477e-4,harmonics + GP (current)
2022-04-02T14:00:00Z,0.010158123311921825,harmonics + GP (current)
2022-04-02T16:00:00Z,0.0018698504178189166,harmonics + GP (current)
2022-04-02T18:00:00Z,0.0030946723872808655,harmonics + GP (current)
2022-04-02T20:00:00Z,0.0014757769843851192,harmonics + GP (current)
2022-04-02T22:00:00Z,6.491331031613637e-4,harmonics + GP (current)
2022-04-03T00:00:00Z,0.0085560314242385,harmonics + GP (current)
2022-04-03T02:00:00Z,0.003844799783514958,harmonics + GP (current)
2022-04-03T04:00:00Z,0.13237713535792162,harmonics + GP (current)
2022-04-03T06:00:00Z,0.00804672720402957,harmonics + GP (current)
2022-04-03T08:00:00Z,1.8844891706985825e-4,harmonics + GP (current)
2022-04-03T10:00:00Z,6.065507203411103e-5,harmonics + GP (current)
2022-04-03T12:00:00Z,2.0339698432624852e-4,harmonics + GP (current)
2022-04-03T14:00:00Z,8.821249606683206e-4,harmonics + GP (current)
2022-04-03T16:00:00Z,8.651891188920917e-4,harmonics + GP (current)
2022-04-03T18:00:00Z,0.0035561631027005492,harmonics + GP (current)
2022-04-03T20:00:00Z,0.002584556689856381,harmonics + GP (current)
2022-04-03T22:00:00Z,0.003988923377733585,harmonics + GP (current)
2022-04-04T00:00:00Z,5.864163297524428e-4,harmonics + GP (current)
2022-04-04T02:00:00Z,0.0064650154690632285,harmonics + GP (current)
2022-04-04T04:00:00Z,0.002472109081368174,harmonics + GP (current)
2022-04-04T06:00:00Z,0.00118662196228452,harmonics + GP (current)
2022-04-04T08:00:00Z,0.10862206218140727,harmonics + GP (current)
2022-04-04T10:00:00Z,0.0035457934429359342,harmonics + GP (current)
2022-04-04T12:00:00Z,3.371544645688307e-5,harmonics + GP (current)
2022-04-04T14:00:00Z,7.369234966911978e-4,harmonics + GP (current)
2022-04-04T16:00:00Z,0.0014866508850205685,harmonics + GP (current)
2022-04-04T18:00:00Z,0.0010104097294262203,harmonics + GP (current)
2022-04-04T20:00:00Z,0.0041341303732536985,harmonics + GP (current)
2022-04-04T22:00:00Z,0.015131987433129056,harmonics + GP (current)
2022-04-05T00:00:00Z,0.0026647961671868036,harmonics + GP (current)
2022-04-05T02:00:00Z,0.0020551439564084535,harmonics + GP (current)
2022-04-05T04:00:00Z,0.011414151074006234,harmonics + GP (current)
2022-04-05T06:00:00Z,9.281499507564799e-4,harmonics + GP (current)
2022-04-05T08:00:00Z,0.0012795126870719393,harmonics + GP (current)
2022-04-05T10:00:00Z,0.0016236615609358128,harmonics + GP (current)
2022-04-05T12:00:00Z,0.05214305206945794,harmonics + GP (current)
2022-04-05T14:00:00Z,0.013105526236363211,harmonics + GP (current)
2022-04-05T16:00:00Z,5.919054787092882e-6,harmonics + GP (current)
2022-04-05T18:00:00Z,0.0014236424533663032,harmonics + GP (current)
2022-04-05T20:00:00Z,0.0027127071751088115,harmonics + GP (current)
2022-04-05T22:00:00Z,0.0022518907849012615,harmonics + GP (current)
2022-04-06T00:00:00Z,0.002874647562720942,harmonics + GP (current)
2022-04-06T02:00:00Z,0.00461462826385163,harmonics + GP (current)
2022-04-06T04:00:00Z,0.0018578011930713897,harmonics + GP (current)
2022-04-06T06:00:00Z,1.1973173767711465e-4,harmonics + GP (current)
2022-04-06T08:00:00Z,8.324586919959649e-4,harmonics + GP (current)
2022-04-06T10:00:00Z,0.0019283975267994713,harmonics + GP (current)
2022-04-06T12:00:00Z,0.001630636060035051,harmonics + GP (current)
2022-04-06T14:00:00Z,0.0690960031684875,harmonics + GP (current)
2022-04-06T16:00:00Z,1.665992821799652,harmonics + GP (current)
2022-04-06T18:00:00Z,5.889687386696916e-4,harmonics + GP (current)
2022-04-06T20:00:00Z,0.001882163412752337,harmonics + GP (current)
2022-04-06T22:00:00Z,0.0016063767728047922,harmonics + GP (current)
2022-04-07T00:00:00Z,0.007920345411845277,harmonics + GP (current)
2022-04-07T02:00:00Z,0.032578251955676214,harmonics + GP (current)
2022-04-07T04:00:00Z,5.447508376928198e-4,harmonics + GP (current)
2022-04-07T06:00:00Z,0.0014438153770894445,harmonics + GP (current)
2022-04-07T08:00:00Z,0.005455904898318396,harmonics + GP (current)
2022-04-07T10:00:00Z,0.007264224711769597,harmonics + GP (current)
2022-04-07T12:00:00Z,0.007740328131110772,harmonics + GP (current)
2022-04-07T14:00:00Z,0.00422863280264435,harmonics + GP (current)
2022-04-07T16:00:00Z,0.006461050276578246,harmonics + GP (current)
2022-04-07T18:00:00Z,0.051098417043294216,harmonics + GP (current)
2022-04-07T19:20:00Z,5.791971341700898,harmonics + GP (current)
2021-10-01T00:00:00Z,1.3658001366389873e-5,harmonics + GP + seasonal spline
2021-10-01T02:00:00Z,6.989674763178667e-7,harmonics + GP + seasonal spline
2021-10-01T04:00:00Z,2.0234313161700737e-6,harmonics + GP + seasonal spline
2021-10-01T06:00:00Z,2.7869762699771414e-6,harmonics + GP + seasonal spline
2021-10-01T08:00:00Z,1.5284502989850337e-5,harmonics + GP + seasonal spline
2021-10-01T10:00:00Z,5.173055315389262e-6,harmonics + GP + seasonal spline
2021-10-01T12:00:00Z,4.586742301397676e-6,harmonics + GP + seasonal spline
2021-10-01T14:00:00Z,7.019175177332795e-5,harmonics + GP + seasonal spline
2021-10-01T16:00:00Z,5.560783971262396e-5,harmonics + GP + seasonal spline
2021-10-01T18:00:00Z,4.793956304727148e-5,harmonics + GP + seasonal spline
2021-10-01T20:00:00Z,7.522496179344272e-4,harmonics + GP + seasonal spline
2021-10-01T22:00:00Z,1.2514602423289551e-5,harmonics + GP + seasonal spline
2021-10-02T00:00:00Z,2.715676288725386e-4,harmonics + GP + seasonal spline
2021-10-02T02:00:00Z,2.9426191426210142e-5,harmonics + GP + seasonal spline
2021-10-02T04:00:00Z,1.3839907296858478e-4,harmonics + GP + seasonal spline
2021-10-02T06:00:00Z,5.554865817583741e-5,harmonics + GP + seasonal spline
2021-10-02T08:00:00Z,4.790717579137334e-5,harmonics + GP + seasonal spline
2021-10-02T10:00:00Z,4.665997352858714e-6,harmonics + GP + seasonal spline
2021-10-02T12:00:00Z,2.640102227859402e-4,harmonics + GP + seasonal spline
2021-10-02T14:00:00Z,7.32537892160791e-5,harmonics + GP + seasonal spline
2021-10-02T16:00:00Z,1.0441815571279979e-5,harmonics + GP + seasonal spline
2021-10-02T18:00:00Z,7.17973971977207e-5,harmonics + GP + seasonal spline
2021-10-02T20:00:00Z,2.102958541884409e-5,harmonics + GP + seasonal spline
2021-10-02T22:00:00Z,3.0658853114949524e-5,harmonics + GP + seasonal spline
2021-10-03T00:00:00Z,9.439928622845687e-5,harmonics + GP + seasonal spline
2021-10-03T02:00:00Z,9.69845165834187e-6,harmonics + GP + seasonal spline
2021-10-03T04:00:00Z,1.0390031847669723e-5,harmonics + GP + seasonal spline
2021-10-03T06:00:00Z,1.4775457295080797e-4,harmonics + GP + seasonal spline
2021-10-03T08:00:00Z,5.3933913753636856e-5,harmonics + GP + seasonal spline
2021-10-03T10:00:00Z,6.16018589797136e-5,harmonics + GP + seasonal spline
2021-10-03T12:00:00Z,2.9647515257859033e-5,harmonics + GP + seasonal spline
2021-10-03T14:00:00Z,3.0271265209650667e-5,harmonics + GP + seasonal spline
2021-10-03T16:00:00Z,1.2281358714935269e-6,harmonics + GP + seasonal spline
2021-10-03T18:00:00Z,9.210113282013506e-5,harmonics + GP + seasonal spline
2021-10-03T20:00:00Z,3.258557197515633e-5,harmonics + GP + seasonal spline
2021-10-03T22:00:00Z,1.4366694939454579e-6,harmonics + GP + seasonal spline
2021-10-04T00:00:00Z,1.5385435306795373e-5,harmonics + GP + seasonal spline
2021-10-04T02:00:00Z,9.185781358240595e-5,harmonics + GP + seasonal spline
2021-10-04T04:00:00Z,9.070571274184004e-5,harmonics + GP + seasonal spline
2021-10-04T06:00:00Z,9.12781475795833e-6,harmonics + GP + seasonal spline
2021-10-04T08:00:00Z,3.0491707794740136e-6,harmonics + GP + seasonal spline
2021-10-04T10:00:00Z,3.0904284257206004e-5,harmonics + GP + seasonal spline
2021-10-04T12:00:00Z,9.497761597199279e-7,harmonics + GP + seasonal spline
2021-10-04T14:00:00Z,5.684648225054335e-7,harmonics + GP + seasonal spline
2021-10-04T16:00:00Z,2.0552819596322243e-5,harmonics + GP + seasonal spline
2021-10-04T18:00:00Z,0.004889422624279892,harmonics + GP + seasonal spline
2021-10-04T20:00:00Z,1.2826859059197304e-4,harmonics + GP + seasonal spline
2021-10-04T22:00:00Z,2.0436437664431073e-5,harmonics + GP + seasonal spline
2021-10-05T00:00:00Z,1.3238185539408894e-4,harmonics + GP + seasonal spline
2021-10-05T02:00:00Z,1.1778008751390928e-6,harmonics + GP + seasonal spline
2021-10-05T04:00:00Z,9.254987918749368e-6,harmonics + GP + seasonal spline
2021-10-05T06:00:00Z,3.763649883803237e-5,harmonics + GP + seasonal spline
2021-10-05T08:00:00Z,7.029874387759333e-7,harmonics + GP + seasonal spline
2021-10-05T10:00:00Z,5.947627887536983e-6,harmonics + GP + seasonal spline
2021-10-05T12:00:00Z,4.468019984666046e-7,harmonics + GP + seasonal spline
2021-10-05T14:00:00Z,8.888073820944276e-5,harmonics + GP + seasonal spline
2021-10-05T16:00:00Z,1.2937939074903937e-5,harmonics + GP + seasonal spline
2021-10-05T18:00:00Z,3.6374186835695117e-7,harmonics + GP + seasonal spline
2021-10-05T20:00:00Z,3.0130392912670273e-6,harmonics + GP + seasonal spline
2021-10-05T22:00:00Z,2.516616490206761e-6,harmonics + GP + seasonal spline
2021-10-06T00:00:00Z,1.3185849489108307e-5,harmonics + GP + seasonal spline
2021-10-06T02:00:00Z,1.1156224306260886e-6,harmonics + GP + seasonal spline
2021-10-06T04:00:00Z,9.605242253858606e-6,harmonics + GP + seasonal spline
2021-10-06T06:00:00Z,3.4811254340865402e-6,harmonics + GP + seasonal spline
2021-10-06T08:00:00Z,2.720097757452519e-6,harmonics + GP + seasonal spline
2021-10-06T10:00:00Z,3.0536679479961344e-5,harmonics + GP + seasonal spline
2021-10-06T12:00:00Z,7.723796941441399e-8,harmonics + GP + seasonal spline
2021-10-06T14:00:00Z,2.6307513329766387e-6,harmonics + GP + seasonal spline
2021-10-06T16:00:00Z,4.736901409762131e-6,harmonics + GP + seasonal spline
2021-10-06T18:00:00Z,7.747599549302325e-4,harmonics + GP + seasonal spline
2021-10-06T20:00:00Z,8.807438947114969e-7,harmonics + GP + seasonal spline
2021-10-06T22:00:00Z,1.4963519405966925e-6,harmonics + GP + seasonal spline
2021-10-07T00:00:00Z,0.00307284147229394,harmonics + GP + seasonal spline
2021-10-07T02:00:00Z,5.344522922553526e-4,harmonics + GP + seasonal spline
2021-10-07T04:00:00Z,8.687348236675267e-7,harmonics + GP + seasonal spline
2021-10-07T06:00:00Z,7.977803100875734e-6,harmonics + GP + seasonal spline
2021-10-07T08:00:00Z,3.577771211319249e-5,harmonics + GP + seasonal spline
2021-10-07T10:00:00Z,1.7775846529240029e-4,harmonics + GP + seasonal spline
2021-10-07T12:00:00Z,6.299113490953079e-6,harmonics + GP + seasonal spline
2021-10-07T14:00:00Z,2.865848796282179e-6,harmonics + GP + seasonal spline
2021-10-07T16:00:00Z,3.880168771257006e-6,harmonics + GP + seasonal spline
2021-10-07T18:00:00Z,1.4662095736305954e-5,harmonics + GP + seasonal spline
2021-10-07T20:00:00Z,8.101051285533616e-6,harmonics + GP + seasonal spline
2021-10-07T22:00:00Z,9.491363414863279e-5,harmonics + GP + seasonal spline
2021-10-08T00:00:00Z,1.0291486539816419e-4,harmonics + GP + seasonal spline
2021-10-08T02:00:00Z,0.0027064969215113486,harmonics + GP + seasonal spline
2021-10-08T04:00:00Z,5.364523245949261e-4,harmonics + GP + seasonal spline
2021-10-08T06:00:00Z,0.011749458470120959,harmonics + GP + seasonal spline
2021-10-08T08:00:00Z,1.8479697221725616e-5,harmonics + GP + seasonal spline
2021-10-08T10:00:00Z,5.3490592142545095e-6,harmonics + GP + seasonal spline
2021-10-08T12:00:00Z,6.984955169404985e-5,harmonics + GP + seasonal spline
2021-10-08T14:00:00Z,0.0026427381086329715,harmonics + GP + seasonal spline
2021-10-08T16:00:00Z,3.4760040487809346e-5,harmonics + GP + seasonal spline
2021-10-08T18:00:00Z,0.0018358724632592152,harmonics + GP + seasonal spline
2021-10-08T20:00:00Z,2.2304616745054138e-5,harmonics + GP + seasonal spline
2021-10-08T22:00:00Z,3.0160683473368907e-4,harmonics + GP + seasonal spline
2021-10-09T00:00:00Z,3.768342213535926e-4,harmonics + GP + seasonal spline
2021-10-09T02:00:00Z,7.566684807874277e-6,harmonics + GP + seasonal spline
2021-10-09T04:00:00Z,3.9029047675520726e-5,harmonics + GP + seasonal spline
2021-10-09T06:00:00Z,2.0073327664768722e-6,harmonics + GP + seasonal spline
2021-10-09T08:00:00Z,1.0660048137499854e-4,harmonics + GP + seasonal spline
2021-10-09T10:00:00Z,3.6979386241788514e-4,harmonics + GP + seasonal spline
2021-10-09T12:00:00Z,0.0016740456942711279,harmonics + GP + seasonal spline
2021-10-09T14:00:00Z,9.9714147641527e-6,harmonics + GP + seasonal spline
2021-10-09T16:00:00Z,3.02501029152944e-4,harmonics + GP + seasonal spline
2021-10-09T18:00:00Z,1.191265014013762e-4,harmonics + GP + seasonal spline
2021-10-09T20:00:00Z,0.0014439107178680982,harmonics + GP + seasonal spline
2021-10-09T22:00:00Z,2.9655037967263024e-5,harmonics + GP + seasonal spline
2021-10-10T00:00:00Z,2.1019054306934144e-6,harmonics + GP + seasonal spline
2021-10-10T02:00:00Z,1.4478364294762494e-4,harmonics + GP + seasonal spline
2021-10-10T04:00:00Z,6.929258180414025e-5,harmonics + GP + seasonal spline
2021-10-10T06:00:00Z,1.0102468691836282e-4,harmonics + GP + seasonal spline
2021-10-10T08:00:00Z,1.282797258980262e-5,harmonics + GP + seasonal spline
2021-10-10T10:00:00Z,7.33071326904782e-6,harmonics + GP + seasonal spline
2021-10-10T12:00:00Z,6.979061647814722e-4,harmonics + GP + seasonal spline
2021-10-10T14:00:00Z,0.003603762828109127,harmonics + GP + seasonal spline
2021-10-10T16:00:00Z,0.001048977784071196,harmonics + GP + seasonal spline
2021-10-10T18:00:00Z,2.968484250840858e-5,harmonics + GP + seasonal spline
2021-10-10T20:00:00Z,9.012033073652244e-6,harmonics + GP + seasonal spline
2021-10-10T22:00:00Z,2.2637614847908556e-5,harmonics + GP + seasonal spline
2021-10-11T00:00:00Z,8.961636796452222e-6,harmonics + GP + seasonal spline
2021-10-11T02:00:00Z,3.44917636716986e-4,harmonics + GP + seasonal spline
2021-10-11T04:00:00Z,4.429718638589327e-6,harmonics + GP + seasonal spline
2021-10-11T06:00:00Z,4.3473466138012985e-6,harmonics + GP + seasonal spline
2021-10-11T08:00:00Z,8.376097481484213e-6,harmonics + GP + seasonal spline
2021-10-11T10:00:00Z,3.562639468911456e-4,harmonics + GP + seasonal spline
2021-10-11T12:00:00Z,2.0782720415322617e-5,harmonics + GP + seasonal spline
2021-10-11T14:00:00Z,1.4110866817627042e-5,harmonics + GP + seasonal spline
2021-10-11T16:00:00Z,1.8935889563419048e-6,harmonics + GP + seasonal spline
2021-10-11T18:00:00Z,1.62473450987582e-4,harmonics + GP + seasonal spline
2021-10-11T20:00:00Z,5.97853267105321e-4,harmonics + GP + seasonal spline
2021-10-11T22:00:00Z,5.856162894642602e-5,harmonics + GP + seasonal spline
2021-10-12T00:00:00Z,1.0090923329750085e-6,harmonics + GP + seasonal spline
2021-10-12T02:00:00Z,8.40555975389266e-6,harmonics + GP + seasonal spline
2021-10-12T04:00:00Z,6.616142446053372e-5,harmonics + GP + seasonal spline
2021-10-12T06:00:00Z,5.642319834908786e-7,harmonics + GP + seasonal spline
2021-10-12T08:00:00Z,2.2347050490348782e-6,harmonics + GP + seasonal spline
2021-10-12T10:00:00Z,1.3968910468830847e-5,harmonics + GP + seasonal spline
2021-10-12T12:00:00Z,2.4894627065297453e-4,harmonics + GP + seasonal spline
2021-10-12T14:00:00Z,4.965642944513453e-4,harmonics + GP + seasonal spline
2021-10-12T16:00:00Z,1.0919466462592881e-4,harmonics + GP + seasonal spline
2021-10-12T18:00:00Z,1.686647608671307e-4,harmonics + GP + seasonal spline
2021-10-12T20:00:00Z,1.596608579614706e-4,harmonics + GP + seasonal spline
2021-10-12T22:00:00Z,5.9203705762768185e-8,harmonics + GP + seasonal spline
2021-10-13T00:00:00Z,6.935094230495218e-6,harmonics + GP + seasonal spline
2021-10-13T02:00:00Z,1.9878780840431524e-5,harmonics + GP + seasonal spline
2021-10-13T04:00:00Z,4.6554676317511016e-5,harmonics + GP + seasonal spline
2021-10-13T06:00:00Z,6.4193673260088e-7,harmonics + GP + seasonal spline
2021-10-13T08:00:00Z,1.3297141142754468e-5,harmonics + GP + seasonal spline
2021-10-13T10:00:00Z,7.8283587927155e-6,harmonics + GP + seasonal spline
2021-10-13T12:00:00Z,2.6054914827354053e-4,harmonics + GP + seasonal spline
2021-10-13T14:00:00Z,6.781782842202071e-6,harmonics + GP + seasonal spline
2021-10-13T16:00:00Z,3.235868942129015e-6,harmonics + GP + seasonal spline
2021-10-13T18:00:00Z,1.8108360532665093e-4,harmonics + GP + seasonal spline
2021-10-13T20:00:00Z,1.412155809120917e-4,harmonics + GP + seasonal spline
2021-10-13T22:00:00Z,2.8309604631747938e-5,harmonics + GP + seasonal spline
2021-10-14T00:00:00Z,7.371225581810338e-5,harmonics + GP + seasonal spline
2021-10-14T02:00:00Z,1.4794053401238617e-4,harmonics + GP + seasonal spline
2021-10-14T04:00:00Z,3.0171403291201276e-5,harmonics + GP + seasonal spline
2021-10-14T06:00:00Z,9.2035084240405e-4,harmonics + GP + seasonal spline
2021-10-14T08:00:00Z,0.0032095043646839616,harmonics + GP + seasonal spline
2021-10-14T10:00:00Z,3.4051350492266405e-5,harmonics + GP + seasonal spline
2021-10-14T12:00:00Z,5.440112483318335e-4,harmonics + GP + seasonal spline
2021-10-14T14:00:00Z,7.277514081189102e-5,harmonics + GP + seasonal spline
2021-10-14T16:00:00Z,7.689885481793735e-5,harmonics + GP + seasonal spline
2021-10-14T18:00:00Z,1.0450153854218756e-4,harmonics + GP + seasonal spline
2021-10-14T20:00:00Z,0.002933019742611199,harmonics + GP + seasonal spline
2021-10-14T22:00:00Z,0.0015310617048705031,harmonics + GP + seasonal spline
2021-10-15T00:00:00Z,6.86700921986814e-5,harmonics + GP + seasonal spline
2021-10-15T02:00:00Z,1.602076567761128e-5,harmonics + GP + seasonal spline
2021-10-15T04:00:00Z,9.240476526258581e-5,harmonics + GP + seasonal spline
2021-10-15T06:00:00Z,0.0016090127071966605,harmonics + GP + seasonal spline
2021-10-15T08:00:00Z,9.326608340020814e-5,harmonics + GP + seasonal spline
2021-10-15T10:00:00Z,2.707749840179845e-4,harmonics + GP + seasonal spline
2021-10-15T12:00:00Z,2.6859538245443663e-5,harmonics + GP + seasonal spline
2021-10-15T14:00:00Z,8.42616733104436e-5,harmonics + GP + seasonal spline
2021-10-15T16:00:00Z,4.4384656455942564e-5,harmonics + GP + seasonal spline
2021-10-15T18:00:00Z,9.080257624021208e-5,harmonics + GP + seasonal spline
2021-10-15T20:00:00Z,1.7813755624261122e-4,harmonics + GP + seasonal spline
2021-10-15T22:00:00Z,4.8475492282683735e-4,harmonics + GP + seasonal spline
2021-10-16T00:00:00Z,1.8169682501243897e-4,harmonics + GP + seasonal spline
2021-10-16T02:00:00Z,2.442542452340211e-4,harmonics + GP + seasonal spline
2021-10-16T04:00:00Z,3.327876772965209e-5,harmonics + GP + seasonal spline
2021-10-16T06:00:00Z,3.554634056522084e-5,harmonics + GP + seasonal spline
2021-10-16T08:00:00Z,0.0011027238634297683,harmonics + GP + seasonal spline
2021-10-16T10:00:00Z,4.301645491898081e-5,harmonics + GP + seasonal spline
2021-10-16T12:00:00Z,1.8725695741303002e-6,harmonics + GP + seasonal spline
2021-10-16T14:00:00Z,1.2017092184910435e-4,harmonics + GP + seasonal spline
2021-10-16T16:00:00Z,7.49172823395815e-5,harmonics + GP + seasonal spline
2021-10-16T18:00:00Z,1.0846350709372431e-5,harmonics + GP + seasonal spline
2021-10-16T20:00:00Z,9.257616944738275e-5,harmonics + GP + seasonal spline
2021-10-16T22:00:00Z,4.668614083311904e-6,harmonics + GP + seasonal spline
2021-10-17T00:00:00Z,1.1990942634767276e-5,harmonics + GP + seasonal spline
2021-10-17T02:00:00Z,5.874014696064111e-5,harmonics + GP + seasonal spline
2021-10-17T04:00:00Z,8.765812764121056e-6,harmonics + GP + seasonal spline
2021-10-17T06:00:00Z,1.6473083708477512e-4,harmonics + GP + seasonal spline
2021-10-17T08:00:00Z,9.96528139711481e-5,harmonics + GP + seasonal spline
2021-10-17T10:00:00Z,1.788673123489246e-5,harmonics + GP + seasonal spline
2021-10-17T12:00:00Z,4.2536623582958234e-5,harmonics + GP + seasonal spline
2021-10-17T14:00:00Z,1.10614921966606e-4,harmonics + GP + seasonal spline
2021-10-17T16:00:00Z,3.10933147539711e-4,harmonics + GP + seasonal spline
2021-10-17T18:00:00Z,1.5967331916546322e-4,harmonics + GP + seasonal spline
2021-10-17T20:00:00Z,1.0376864497011136e-4,harmonics + GP + seasonal spline
2021-10-17T22:00:00Z,7.42155082908847e-4,harmonics + GP + seasonal spline
2021-10-18T00:00:00Z,2.563512224193989e-5,harmonics + GP + seasonal spline
2021-10-18T02:00:00Z,1.3130836063373418e-4,harmonics + GP + seasonal spline
2021-10-18T04:00:00Z,3.0853330049001442e-6,harmonics + GP + seasonal spline
2021-10-18T06:00:00Z,9.511306595204626e-6,harmonics + GP + seasonal spline
2021-10-18T08:00:00Z,2.361395121254165e-5,harmonics + GP + seasonal spline
2021-10-18T10:00:00Z,1.6664178505152298e-5,harmonics + GP + seasonal spline
2021-10-18T12:00:00Z,1.7447273708739393e-5,harmonics + GP + seasonal spline
2021-10-18T14:00:00Z,3.020499723787703e-5,harmonics + GP + seasonal spline
2021-10-18T16:00:00Z,3.6770982578091586e-5,harmonics + GP + seasonal spline
2021-10-18T18:00:00Z,8.196816551792396e-6,harmonics + GP + seasonal spline
2021-10-18T20:00:00Z,0.0024320201416456848,harmonics + GP + seasonal spline
2021-10-18T22:00:00Z,5.179770559160714e-5,harmonics + GP + seasonal spline
2021-10-19T00:00:00Z,1.6711192523881725e-6,harmonics + GP + seasonal spline
2021-10-19T02:00:00Z,1.4312382675923574e-6,harmonics + GP + seasonal spline
2021-10-19T04:00:00Z,6.955603759924045e-6,harmonics + GP + seasonal spline
2021-10-19T06:00:00Z,1.2745447032940173e-5,harmonics + GP + seasonal spline
2021-10-19T08:00:00Z,1.5948903467685942e-6,harmonics + GP + seasonal spline
2021-10-19T10:00:00Z,8.116090689357803e-8,harmonics + GP + seasonal spline
2021-10-19T12:00:00Z,4.062945881385282e-7,harmonics + GP + seasonal spline
2021-10-19T14:00:00Z,6.659543041858811e-7,harmonics + GP + seasonal spline
2021-10-19T16:00:00Z,0.0013476680717419715,harmonics + GP + seasonal spline
2021-10-19T18:00:00Z,8.731057820949651e-7,harmonics + GP + seasonal spline
2021-10-19T20:00:00Z,5.9796305572209054e-6,harmonics + GP + seasonal spline
2021-10-19T22:00:00Z,1.2841484376743386e-6,harmonics + GP + seasonal spline
2021-10-20T00:00:00Z,1.8670157452061286e-6,harmonics + GP + seasonal spline
2021-10-20T02:00:00Z,3.394010053267767e-6,harmonics + GP + seasonal spline
2021-10-20T04:00:00Z,4.11185629337355e-6,harmonics + GP + seasonal spline
2021-10-20T06:00:00Z,0.00070930441138753375,harmonics + GP + seasonal spline
2021-10-20T08:00:00Z,1.4422855495424984e-5,harmonics + GP + seasonal spline
2021-10-20T10:00:00Z,1.0310972563210931e-5,harmonics + GP + seasonal spline
2021-10-20T12:00:00Z,4.1159312723013355e-5,harmonics + GP + seasonal spline
2021-10-20T14:00:00Z,3.391941759414488e-5,harmonics + GP + seasonal spline
2021-10-20T16:00:00Z,4.826445607937405e-5,harmonics + GP + seasonal spline
2021-10-20T18:00:00Z,5.204447454410285e-6,harmonics + GP + seasonal spline
2021-10-20T20:00:00Z,3.1836830491861816e-6,harmonics + GP + seasonal spline
2021-10-20T22:00:00Z,4.8446241400248854e-5,harmonics + GP + seasonal spline
2021-10-21T00:00:00Z,4.4564859627985354e-5,harmonics + GP + seasonal spline
2021-10-21T02:00:00Z,8.860934181726097e-7,harmonics + GP + seasonal spline
2021-10-21T04:00:00Z,2.3197239341866494e-5,harmonics + GP + seasonal spline
2021-10-21T06:00:00Z,3.0486754138864772e-5,harmonics + GP + seasonal spline
2021-10-21T08:00:00Z,2.3594992686822474e-5,harmonics + GP + seasonal spline
2021-10-21T10:00:00Z,3.795484982458068e-5,harmonics + GP + seasonal spline
2021-10-21T12:00:00Z,4.3761660834302696e-7,harmonics + GP + seasonal spline
2021-10-21T14:00:00Z,1.375453204181337e-4,harmonics + GP + seasonal spline
2021-10-21T16:00:00Z,1.1543323680937081e-4,harmonics + GP + seasonal spline
2021-10-21T18:00:00Z,2.8400514749383173e-5,harmonics + GP + seasonal spline
2021-10-21T20:00:00Z,2.1886945822581106e-4,harmonics + GP + seasonal spline
2021-10-21T22:00:00Z,2.728188385916686e-6,harmonics + GP + seasonal spline
2021-10-22T00:00:00Z,1.8979287899661564e-4,harmonics + GP + seasonal spline
2021-10-22T02:00:00Z,7.001048236672984e-4,harmonics + GP + seasonal spline
2021-10-22T04:00:00Z,2.2486091965882132e-5,harmonics + GP + seasonal spline
2021-10-22T06:00:00Z,7.438041376594167e-7,harmonics + GP + seasonal spline
2021-10-22T08:00:00Z,1.082327761080746e-5,harmonics + GP + seasonal spline
2021-10-22T10:00:00Z,7.325509646976862e-5,harmonics + GP + seasonal spline
2021-10-22T12:00:00Z,1.2227452311047049e-5,harmonics + GP + seasonal spline
2021-10-22T14:00:00Z,1.9016289870526763e-4,harmonics + GP + seasonal spline
2021-10-22T16:00:00Z,2.0508680596606631e-4,harmonics + GP + seasonal spline
2021-10-22T18:00:00Z,6.47396260703696e-5,harmonics + GP + seasonal spline
2021-10-22T20:00:00Z,9.363442601285216e-5,harmonics + GP + seasonal spline
2021-10-22T22:00:00Z,7.05480273447288e-5,harmonics + GP + seasonal spline
2021-10-23T00:00:00Z,0.002879042128551834,harmonics + GP + seasonal spline
2021-10-23T02:00:00Z,0.002903124895673884,harmonics + GP + seasonal spline
2021-10-23T04:00:00Z,4.1795967431516944e-5,harmonics + GP + seasonal spline
2021-10-23T06:00:00Z,4.123957420840915e-5,harmonics + GP + seasonal spline
2021-10-23T08:00:00Z,3.4936310315479725e-5,harmonics + GP + seasonal spline
2021-10-23T10:00:00Z,1.8265029730802325e-5,harmonics + GP + seasonal spline
2021-10-23T12:00:00Z,2.8319953782838503e-05,harmonics + GP + seasonal spline
2021-10-23T14:00:00Z,1.0663798812499452e-5,harmonics + GP + seasonal spline
2021-10-23T16:00:00Z,9.633185016276379e-5,harmonics + GP + seasonal spline
2021-10-23T18:00:00Z,0.005190960607598027,harmonics + GP + seasonal spline
2021-10-23T20:00:00Z,1.1437947076378503e-4,harmonics + GP + seasonal spline
2021-10-23T22:00:00Z,1.7405145889742297e-5,harmonics + GP + seasonal spline
2021-10-24T00:00:00Z,0.00547156452463465,harmonics + GP + seasonal spline
2021-10-24T02:00:00Z,4.197592712290584e-4,harmonics + GP + seasonal spline
2021-10-24T04:00:00Z,2.1107720593050453e-4,harmonics + GP + seasonal spline
2021-10-24T06:00:00Z,3.512050417346187e-4,harmonics + GP + seasonal spline
2021-10-24T08:00:00Z,1.552672441177239e-6,harmonics + GP + seasonal spline
2021-10-24T10:00:00Z,3.212014520221942e-5,harmonics + GP + seasonal spline
2021-10-24T12:00:00Z,1.07738088139201e-4,harmonics + GP + seasonal spline
2021-10-24T14:00:00Z,1.1928880417119098e-6,harmonics + GP + seasonal spline
2021-10-24T16:00:00Z,1.718353962943809e-5,harmonics + GP + seasonal spline
2021-10-24T18:00:00Z,5.916071016895517e-4,harmonics + GP + seasonal spline
2021-10-24T20:00:00Z,0.01116499030280876,harmonics + GP + seasonal spline
2021-10-24T22:00:00Z,6.389471487763859e-4,harmonics + GP + seasonal spline
2021-10-25T00:00:00Z,3.47215556370608e-4,harmonics + GP + seasonal spline
2021-10-25T02:00:00Z,2.0561490965295763e-6,harmonics + GP + seasonal spline
2021-10-25T04:00:00Z,5.941620050135589e-4,harmonics + GP + seasonal spline
2021-10-25T06:00:00Z,1.2559774002843166e-5,harmonics + GP + seasonal spline
2021-10-25T08:00:00Z,9.937494544973483e-6,harmonics + GP + seasonal spline
2021-10-25T10:00:00Z,1.0749606077727365e-4,harmonics + GP + seasonal spline
2021-10-25T12:00:00Z,3.732811810831578e-4,harmonics + GP + seasonal spline
2021-10-25T14:00:00Z,1.076456983207175e-5,harmonics + GP + seasonal spline
2021-10-25T16:00:00Z,8.094356787677166e-5,harmonics + GP + seasonal spline
2021-10-25T18:00:00Z,3.7947102740717073e-6,harmonics + GP + seasonal spline
2021-10-25T20:00:00Z,2.949059379029802e-4,harmonics + GP + seasonal spline
2021-10-25T22:00:00Z,5.583295632476324e-6,harmonics + GP + seasonal spline
2021-10-26T00:00:00Z,9.493853033551189e-6,harmonics + GP + seasonal spline
2021-10-26T02:00:00Z,2.2670201750869603e-5,harmonics + GP + seasonal spline
2021-10-26T04:00:00Z,4.958294940669953e-5,harmonics + GP + seasonal spline
2021-10-26T06:00:00Z,1.8024376192729412e-5,harmonics + GP + seasonal spline
2021-10-26T08:00:00Z,0.009645263172871257,harmonics + GP + seasonal spline
2021-10-26T10:00:00Z,2.955798872510655e-5,harmonics + GP + seasonal spline
2021-10-26T12:00:00Z,2.002950323027508e-6,harmonics + GP + seasonal spline
2021-10-26T14:00:00Z,3.293949598239686e-5,harmonics + GP + seasonal spline
2021-10-26T16:00:00Z,6.1352862541465975e-6,harmonics + GP + seasonal spline
2021-10-26T18:00:00Z,1.2051743645460825e-5,harmonics + GP + seasonal spline
2021-10-26T20:00:00Z,1.0373583727791267e-4,harmonics + GP + seasonal spline
2021-10-26T22:00:00Z,3.187532495106213e-8,harmonics + GP + seasonal spline
2021-10-27T00:00:00Z,5.633677654246877e-6,harmonics + GP + seasonal spline
2021-10-27T02:00:00Z,2.639483516262895e-6,harmonics + GP + seasonal spline
2021-10-27T04:00:00Z,2.0189821909312348e-5,harmonics + GP + seasonal spline
2021-10-27T06:00:00Z,1.1620451077672177e-7,harmonics + GP + seasonal spline
2021-10-27T08:00:00Z,7.908911995470488e-7,harmonics + GP + seasonal spline
2021-10-27T10:00:00Z,2.2497834349634204e-5,harmonics + GP + seasonal spline
2021-10-27T12:00:00Z,1.4473845987735235e-5,harmonics + GP + seasonal spline
2021-10-27T14:00:00Z,3.808752637118796e-5,harmonics + GP + seasonal spline
2021-10-27T16:00:00Z,7.90686185860588e-6,harmonics + GP + seasonal spline
2021-10-27T18:00:00Z,7.587405473865979e-6,harmonics + GP + seasonal spline
2021-10-27T20:00:00Z,1.0177374861788227e-6,harmonics + GP + seasonal spline
2021-10-27T22:00:00Z,4.957637077894074e-6,harmonics + GP + seasonal spline
2021-10-28T00:00:00Z,1.20914601415679e-5,harmonics + GP + seasonal spline
2021-10-28T02:00:00Z,1.273257113141562e-4,harmonics + GP + seasonal spline
2021-10-28T04:00:00Z,3.529843916767918e-5,harmonics + GP + seasonal spline
2021-10-28T06:00:00Z,1.2992632659952123e-4,harmonics + GP + seasonal spline
2021-10-28T08:00:00Z,4.643428917216327e-4,harmonics + GP + seasonal spline
2021-10-28T10:00:00Z,3.4305502450355855e-5,harmonics + GP + seasonal spline
2021-10-28T12:00:00Z,3.042201238028067e-7,harmonics + GP + seasonal spline
2021-10-28T14:00:00Z,1.6150470338185224e-5,harmonics + GP + seasonal spline
2021-10-28T16:00:00Z,1.4753330319908381e-5,harmonics + GP + seasonal spline
2021-10-28T18:00:00Z,3.4271025151986665e-4,harmonics + GP + seasonal spline
2021-10-28T20:00:00Z,0.001293182722406837,harmonics + GP + seasonal spline
2021-10-28T22:00:00Z,2.670185879618796e-4,harmonics + GP + seasonal spline
2021-10-29T00:00:00Z,2.064883174127575e-4,harmonics + GP + seasonal spline
2021-10-29T02:00:00Z,3.401156939818557e-5,harmonics + GP + seasonal spline
2021-10-29T04:00:00Z,1.2299166522703478e-4,harmonics + GP + seasonal spline
2021-10-29T06:00:00Z,9.791288936317857e-5,harmonics + GP + seasonal spline
2021-10-29T08:00:00Z,1.8126283164807983e-5,harmonics + GP + seasonal spline
2021-10-29T10:00:00Z,8.429033417155834e-5,harmonics + GP + seasonal spline
2021-10-29T12:00:00Z,1.733123186100546e-4,harmonics + GP + seasonal spline
2021-10-29T14:00:00Z,1.9122852102576257e-5,harmonics + GP + seasonal spline
2021-10-29T16:00:00Z,5.049514570411005e-5,harmonics + GP + seasonal spline
2021-10-29T18:00:00Z,2.0052424655949146e-4,harmonics + GP + seasonal spline
2021-10-29T20:00:00Z,1.2913123239187543e-4,harmonics + GP + seasonal spline
2021-10-29T22:00:00Z,1.605575621054082e-5,harmonics + GP + seasonal spline
2021-10-30T00:00:00Z,1.9614259109694562e-5,harmonics + GP + seasonal spline
2021-10-30T02:00:00Z,1.0544033140097447e-5,harmonics + GP + seasonal spline
2021-10-30T04:00:00Z,1.5151230640375629e-4,harmonics + GP + seasonal spline
2021-10-30T06:00:00Z,2.298958403808107e-5,harmonics + GP + seasonal spline
2021-10-30T08:00:00Z,3.383892455106249e-6,harmonics + GP + seasonal spline
2021-10-30T10:00:00Z,2.6681580273735655e-5,harmonics + GP + seasonal spline
2021-10-30T12:00:00Z,5.013182521887982e-7,harmonics + GP + seasonal spline
2021-10-30T14:00:00Z,1.1787524863592342e-5,harmonics + GP + seasonal spline
2021-10-30T16:00:00Z,4.3102047071781667e-4,harmonics + GP + seasonal spline
2021-10-30T18:00:00Z,1.650931689861697e-4,harmonics + GP + seasonal spline
2021-10-30T20:00:00Z,0.00261872849561728,harmonics + GP + seasonal spline
2021-10-30T22:00:00Z,9.811615062099913e-5,harmonics + GP + seasonal spline
2021-10-31T00:00:00Z,2.0889760646472836e-4,harmonics + GP + seasonal spline
2021-10-31T02:00:00Z,5.167850821248548e-5,harmonics + GP + seasonal spline
2021-10-31T04:00:00Z,4.392898452257936e-5,harmonics + GP + seasonal spline
2021-10-31T06:00:00Z,1.3163226699107628e-6,harmonics + GP + seasonal spline
2021-10-31T08:00:00Z,1.226143984915287e-4,harmonics + GP + seasonal spline
2021-10-31T10:00:00Z,2.5467228342206666e-5,harmonics + GP + seasonal spline
2021-10-31T12:00:00Z,7.201237398119293e-6,harmonics + GP + seasonal spline
2021-10-31T14:00:00Z,1.1056645710661352e-5,harmonics + GP + seasonal spline
2021-10-31T16:00:00Z,2.0561635386800107e-6,harmonics + GP + seasonal spline
2021-10-31T18:00:00Z,5.5245891189232915e-5,harmonics + GP + seasonal spline
2021-10-31T20:00:00Z,1.1721480118420406e-4,harmonics + GP + seasonal spline
2021-10-31T22:00:00Z,6.306984082371739e-5,harmonics + GP + seasonal spline
2021-11-01T00:00:00Z,2.641079504179719e-4,harmonics + GP + seasonal spline
2021-11-01T02:00:00Z,8.806890525120847e-6,harmonics + GP + seasonal spline
2021-11-01T04:00:00Z,6.039086582554186e-7,harmonics + GP + seasonal spline
2021-11-01T06:00:00Z,3.0392835089905196e-6,harmonics + GP + seasonal spline
2021-11-01T08:00:00Z,7.37926385283663e-5,harmonics + GP + seasonal spline
2021-11-01T10:00:00Z,6.586409140073525e-6,harmonics + GP + seasonal spline
2021-11-01T12:00:00Z,1.0919088656917545e-7,harmonics + GP + seasonal spline
2021-11-01T14:00:00Z,2.238201242198379e-5,harmonics + GP + seasonal spline
2021-11-01T16:00:00Z,2.036436888767105e-6,harmonics + GP + seasonal spline
2021-11-01T18:00:00Z,4.3873552864599606e-5,harmonics + GP + seasonal spline
2021-11-01T20:00:00Z,8.943489826736007e-7,harmonics + GP + seasonal spline
2021-11-01T22:00:00Z,4.408076769613938e-6,harmonics + GP + seasonal spline
2021-11-02T00:00:00Z,2.3680220887430983e-5,harmonics + GP + seasonal spline
2021-11-02T02:00:00Z,8.932538087881354e-6,harmonics + GP + seasonal spline
2021-11-02T04:00:00Z,1.2935787504629542e-7,harmonics + GP + seasonal spline
2021-11-02T06:00:00Z,4.7057715355635157e-4,harmonics + GP + seasonal spline
2021-11-02T08:00:00Z,3.8895298436357865e-7,harmonics + GP + seasonal spline
2021-11-02T10:00:00Z,9.5845791263413e-8,harmonics + GP + seasonal spline
2021-11-02T12:00:00Z,2.4557296344271238e-6,harmonics + GP + seasonal spline
2021-11-02T14:00:00Z,3.486107560025e-5,harmonics + GP + seasonal spline
2021-11-02T16:00:00Z,6.053019227246758e-6,harmonics + GP + seasonal spline
2021-11-02T18:00:00Z,2.899651254910785e-5,harmonics + GP + seasonal spline
2021-11-02T20:00:00Z,4.867429032474811e-5,harmonics + GP + seasonal spline
2021-11-02T22:00:00Z,1.263334594557985e-5,harmonics + GP + seasonal spline
2021-11-03T00:00:00Z,0.00031500190808884173,harmonics + GP + seasonal spline
2021-11-03T02:00:00Z,1.2116989853711813e-5,harmonics + GP + seasonal spline
2021-11-03T04:00:00Z,7.897050249946625e-6,harmonics + GP + seasonal spline
2021-11-03T06:00:00Z,8.29026580567097e-6,harmonics + GP + seasonal spline
2021-11-03T08:00:00Z,4.199794949722925e-5,harmonics + GP + seasonal spline
2021-11-03T10:00:00Z,2.551164601487462e-6,harmonics + GP + seasonal spline
2021-11-03T12:00:00Z,3.0323527554922364e-4,harmonics + GP + seasonal spline
2021-11-03T14:00:00Z,1.9586802217587434e-4,harmonics + GP + seasonal spline
2021-11-03T16:00:00Z,5.298347250916793e-6,harmonics + GP + seasonal spline
2021-11-03T18:00:00Z,2.004052503305654e-5,harmonics + GP + seasonal spline
2021-11-03T20:00:00Z,6.492258091486519e-6,harmonics + GP + seasonal spline
2021-11-03T22:00:00Z,2.525778147309359e-5,harmonics + GP + seasonal spline
2021-11-04T00:00:00Z,1.4924093372482123e-4,harmonics + GP + seasonal spline
2021-11-04T02:00:00Z,1.4165563936282208e-5,harmonics + GP + seasonal spline
2021-11-04T04:00:00Z,1.607586880613515e-4,harmonics + GP + seasonal spline
2021-11-04T06:00:00Z,6.3591268693912206e-6,harmonics + GP + seasonal spline
2021-11-04T08:00:00Z,4.5427580439046484e-6,harmonics + GP + seasonal spline
2021-11-04T10:00:00Z,1.1985037292748543e-4,harmonics + GP + seasonal spline
2021-11-04T12:00:00Z,4.649610732679092e-5,harmonics + GP + seasonal spline
2021-11-04T14:00:00Z,1.344286745465897e-4,harmonics + GP + seasonal spline
2021-11-04T16:00:00Z,2.820389359444623e-6,harmonics + GP + seasonal spline
2021-11-04T18:00:00Z,6.519424289927288e-5,harmonics + GP + seasonal spline
2021-11-04T20:00:00Z,3.6862359464276775e-4,harmonics + GP + seasonal spline
2021-11-04T22:00:00Z,2.1316220605383914e-4,harmonics + GP + seasonal spline
2021-11-05T00:00:00Z,8.868785750559384e-6,harmonics + GP + seasonal spline
2021-11-05T02:00:00Z,2.5990610655659194e-5,harmonics + GP + seasonal spline
2021-11-05T04:00:00Z,5.076388835886667e-5,harmonics + GP + seasonal spline
2021-11-05T06:00:00Z,6.259689499765687e-4,harmonics + GP + seasonal spline
2021-11-05T08:00:00Z,2.9139762091618276e-5,harmonics + GP + seasonal spline
2021-11-05T10:00:00Z,7.510925889899344e-6,harmonics + GP + seasonal spline
2021-11-05T12:00:00Z,1.2576151059984567e-5,harmonics + GP + seasonal spline
2021-11-05T14:00:00Z,8.352916924548896e-6,harmonics + GP + seasonal spline
2021-11-05T16:00:00Z,3.418870388648328e-4,harmonics + GP + seasonal spline
2021-11-05T18:00:00Z,1.7089350149238954e-5,harmonics + GP + seasonal spline
2021-11-05T20:00:00Z,0.0010458516385514912,harmonics + GP + seasonal spline
2021-11-05T22:00:00Z,1.8873617308243535e-4,harmonics + GP + seasonal spline
2021-11-06T00:00:00Z,8.92886959099404e-5,harmonics + GP + seasonal spline
2021-11-06T02:00:00Z,6.189815295862625e-4,harmonics + GP + seasonal spline
2021-11-06T04:00:00Z,4.193216392086715e-4,harmonics + GP + seasonal spline
2021-11-06T06:00:00Z,0.0011585617247715765,harmonics + GP + seasonal spline
2021-11-06T08:00:00Z,5.135144740317201e-5,harmonics + GP + seasonal spline
2021-11-06T10:00:00Z,2.6746942291334466e-5,harmonics + GP + seasonal spline
2021-11-06T12:00:00Z,6.316775675378335e-5,harmonics + GP + seasonal spline
2021-11-06T14:00:00Z,0.0016801005487250764,harmonics + GP + seasonal spline
2021-11-06T16:00:00Z,5.778930273738064e-4,harmonics + GP + seasonal spline
2021-11-06T18:00:00Z,1.9973564642378328e-5,harmonics + GP + seasonal spline
2021-11-06T20:00:00Z,0.019652358671536023,harmonics + GP + seasonal spline
2021-11-06T22:00:00Z,4.6621618731536746e-4,harmonics + GP + seasonal spline
2021-11-07T00:00:00Z,1.5250484453027849e-5,harmonics + GP + seasonal spline
2021-11-07T02:00:00Z,1.1575507989111896e-5,harmonics + GP + seasonal spline
2021-11-07T04:00:00Z,2.5924985415320165e-5,harmonics + GP + seasonal spline
2021-11-07T06:00:00Z,0.0033045109892635574,harmonics + GP + seasonal spline
2021-11-07T08:00:00Z,0.004042383834525651,harmonics + GP + seasonal spline
2021-11-07T10:00:00Z,5.005471628568426e-5,harmonics + GP + seasonal spline
2021-11-07T12:00:00Z,0.0023469354440482566,harmonics + GP + seasonal spline
2021-11-07T14:00:00Z,1.490594305870156e-4,harmonics + GP + seasonal spline
2021-11-07T16:00:00Z,1.1951195761380898e-4,harmonics + GP + seasonal spline
2021-11-07T18:00:00Z,7.667929043263956e-4,harmonics + GP + seasonal spline
2021-11-07T20:00:00Z,2.1583119383637673e-4,harmonics + GP + seasonal spline
2021-11-07T22:00:00Z,5.3874225761939206e-5,harmonics + GP + seasonal spline
2021-11-08T00:00:00Z,6.015363017391739e-6,harmonics + GP + seasonal spline
2021-11-08T02:00:00Z,2.1775589612040017e-4,harmonics + GP + seasonal spline
2021-11-08T04:00:00Z,1.1969743898117036e-4,harmonics + GP + seasonal spline
2021-11-08T06:00:00Z,1.0266163464679766e-6,harmonics + GP + seasonal spline
2021-11-08T08:00:00Z,4.0644692459594153e-5,harmonics + GP + seasonal spline
2021-11-08T10:00:00Z,5.513359507345417e-6,harmonics + GP + seasonal spline
2021-11-08T12:00:00Z,3.035393459452403e-4,harmonics + GP + seasonal spline
2021-11-08T14:00:00Z,5.570508390385536e-7,harmonics + GP + seasonal spline
2021-11-08T16:00:00Z,5.3130714548516894e-5,harmonics + GP + seasonal spline
2021-11-08T18:00:00Z,7.847440848203336e-4,harmonics + GP + seasonal spline
2021-11-08T20:00:00Z,2.0896829004424625e-5,harmonics + GP + seasonal spline
2021-11-08T22:00:00Z,1.1244360908649411e-4,harmonics + GP + seasonal spline
2021-11-09T00:00:00Z,0.002300302869332957,harmonics + GP + seasonal spline
2021-11-09T02:00:00Z,0.002578040712273573,harmonics + GP + seasonal spline
2021-11-09T04:00:00Z,0.0047579262609159624,harmonics + GP + seasonal spline
2021-11-09T06:00:00Z,6.981205742929278e-6,harmonics + GP + seasonal spline
2021-11-09T08:00:00Z,1.1653311838163768e-5,harmonics + GP + seasonal spline
2021-11-09T10:00:00Z,0.0014133900097348408,harmonics + GP + seasonal spline
2021-11-09T12:00:00Z,2.96738109246699e-5,harmonics + GP + seasonal spline
2021-11-09T14:00:00Z,6.540157598476383e-4,harmonics + GP + seasonal spline
2021-11-09T16:00:00Z,1.6470026961334884e-5,harmonics + GP + seasonal spline
2021-11-09T18:00:00Z,1.1773869284435303e-4,harmonics + GP + seasonal spline
2021-11-09T20:00:00Z,8.505630102599329e-4,harmonics + GP + seasonal spline
2021-11-09T22:00:00Z,0.0034190523752845835,harmonics + GP + seasonal spline
2021-11-10T00:00:00Z,4.4853408549638014e-5,harmonics + GP + seasonal spline
2021-11-10T02:00:00Z,0.001157181111650523,harmonics + GP + seasonal spline
2021-11-10T04:00:00Z,1.6059217883444368e-4,harmonics + GP + seasonal spline
2021-11-10T06:00:00Z,1.2721998433553271e-5,harmonics + GP + seasonal spline
2021-11-10T08:00:00Z,1.7708104931463854e-6,harmonics + GP + seasonal spline
2021-11-10T10:00:00Z,5.042377506877054e-6,harmonics + GP + seasonal spline
2021-11-10T12:00:00Z,8.79086109572596e-4,harmonics + GP + seasonal spline
2021-11-10T14:00:00Z,1.9357627259437762e-5,harmonics + GP + seasonal spline
2021-11-10T16:00:00Z,6.934721824398781e-5,harmonics + GP + seasonal spline
2021-11-10T18:00:00Z,6.040640472984179e-5,harmonics + GP + seasonal spline
2021-11-10T20:00:00Z,0.0014788238683848057,harmonics + GP + seasonal spline
2021-11-10T22:00:00Z,0.001091115632618441,harmonics + GP + seasonal spline
2021-11-11T00:00:00Z,1.9805340621002873e-4,harmonics + GP + seasonal spline
2021-11-11T02:00:00Z,5.273691964359651e-5,harmonics + GP + seasonal spline
2021-11-11T04:00:00Z,5.742915013652178e-6,harmonics + GP + seasonal spline
2021-11-11T06:00:00Z,3.45370445761744e-5,harmonics + GP + seasonal spline
2021-11-11T08:00:00Z,7.557531611931279e-6,harmonics + GP + seasonal spline
2021-11-11T10:00:00Z,2.425808106483619e-6,harmonics + GP + seasonal spline
2021-11-11T12:00:00Z,6.380428824647839e-4,harmonics + GP + seasonal spline
2021-11-11T14:00:00Z,8.68892502310553e-6,harmonics + GP + seasonal spline
2021-11-11T16:00:00Z,1.9369824387732025e-6,harmonics + GP + seasonal spline
2021-11-11T18:00:00Z,7.162062665986149e-4,harmonics + GP + seasonal spline
2021-11-11T20:00:00Z,0.004781248845584051,harmonics + GP + seasonal spline
2021-11-11T22:00:00Z,3.4041252693247493e-4,harmonics + GP + seasonal spline
2021-11-12T00:00:00Z,6.9515161628483e-5,harmonics + GP + seasonal spline
2021-11-12T02:00:00Z,2.6375151104402015e-6,harmonics + GP + seasonal spline
2021-11-12T04:00:00Z,2.4977186365472215e-4,harmonics + GP + seasonal spline
2021-11-12T06:00:00Z,1.1813673672795881e-5,harmonics + GP + seasonal spline
2021-11-12T08:00:00Z,1.9828650007683157e-5,harmonics + GP + seasonal spline
2021-11-12T10:00:00Z,4.7708101429484296e-5,harmonics + GP + seasonal spline
2021-11-12T12:00:00Z,4.670838463590388e-5,harmonics + GP + seasonal spline
2021-11-12T14:00:00Z,1.228888728241567e-5,harmonics + GP + seasonal spline
2021-11-12T16:00:00Z,7.091197976700526e-6,harmonics + GP + seasonal spline
2021-11-12T18:00:00Z,4.372680533926902e-5,harmonics + GP + seasonal spline
2021-11-12T20:00:00Z,0.0024692447115598672,harmonics + GP + seasonal spline
2021-11-12T22:00:00Z,3.69792214194582e-4,harmonics + GP + seasonal spline
2021-11-13T00:00:00Z,1.2527079335038598e-4,harmonics + GP + seasonal spline
2021-11-13T02:00:00Z,1.5850904327088496e-4,harmonics + GP + seasonal spline
2021-11-13T04:00:00Z,4.599486355620112e-6,harmonics + GP + seasonal spline
2021-11-13T06:00:00Z,2.825723587986172e-4,harmonics + GP + seasonal spline
2021-11-13T08:00:00Z,3.399164742560166e-4,harmonics + GP + seasonal spline
2021-11-13T10:00:00Z,4.763194479326755e-4,harmonics + GP + seasonal spline
2021-11-13T12:00:00Z,0.005375166142055966,harmonics + GP + seasonal spline
2021-11-13T14:00:00Z,0.0022277177859785302,harmonics + GP + seasonal spline
2021-11-13T16:00:00Z,0.005062774391369376,harmonics + GP + seasonal spline
2021-11-13T18:00:00Z,1.3796961905259998e-5,harmonics + GP + seasonal spline
2021-11-13T20:00:00Z,6.039551630800598e-4,harmonics + GP + seasonal spline
2021-11-13T22:00:00Z,0.01939561241832037,harmonics + GP + seasonal spline
2021-11-14T00:00:00Z,0.0012242703040694861,harmonics + GP + seasonal spline
2021-11-14T02:00:00Z,0.0017435871731059755,harmonics + GP + seasonal spline
2021-11-14T04:00:00Z,3.2015589305633125e-5,harmonics + GP + seasonal spline
2021-11-14T06:00:00Z,6.952281119652918e-5,harmonics + GP + seasonal spline
2021-11-14T08:00:00Z,1.2396874979143357e-4,harmonics + GP + seasonal spline
2021-11-14T10:00:00Z,8.512793752579189e-5,harmonics + GP + seasonal spline
2021-11-14T12:00:00Z,6.812323606484811e-5,harmonics + GP + seasonal spline
2021-11-14T14:00:00Z,1.365977019594031e-4,harmonics + GP + seasonal spline
2021-11-14T16:00:00Z,5.670071590599994e-5,harmonics + GP + seasonal spline
2021-11-14T18:00:00Z,2.381818173054196e-5,harmonics + GP + seasonal spline
2021-11-14T20:00:00Z,1.885066666586676e-4,harmonics + GP + seasonal spline
2021-11-14T22:00:00Z,1.2857204248065704e-6,harmonics + GP + seasonal spline
2021-11-15T00:00:00Z,4.080673658375627e-6,harmonics + GP + seasonal spline
2021-11-15T02:00:00Z,0.0016166386995545624,harmonics + GP + seasonal spline
2021-11-15T04:00:00Z,0.0013648573508868538,harmonics + GP + seasonal spline
2021-11-15T06:00:00Z,6.186368404178785e-5,harmonics + GP + seasonal spline
2021-11-15T08:00:00Z,3.995339035221271e-6,harmonics + GP + seasonal spline
2021-11-15T10:00:00Z,0.004016642016531139,harmonics + GP + seasonal spline
2021-11-15T12:00:00Z,5.258709882234993e-4,harmonics + GP + seasonal spline
2021-11-15T14:00:00Z,2.1911123372085423e-6,harmonics + GP + seasonal spline
2021-11-15T16:00:00Z,4.528666749064453e-5,harmonics + GP + seasonal spline
2021-11-15T18:00:00Z,2.8685826323100183e-5,harmonics + GP + seasonal spline
2021-11-15T20:00:00Z,7.802244788078072e-6,harmonics + GP + seasonal spline
2021-11-15T22:00:00Z,3.4391035862664576e-7,harmonics + GP + seasonal spline
2021-11-16T00:00:00Z,1.0051718965217738e-5,harmonics + GP + seasonal spline
2021-11-16T02:00:00Z,6.815349111308472e-6,harmonics + GP + seasonal spline
2021-11-16T04:00:00Z,1.2378070852217528e-5,harmonics + GP + seasonal spline
2021-11-16T06:00:00Z,3.72447995569287e-5,harmonics + GP + seasonal spline
2021-11-16T08:00:00Z,6.304394733746225e-7,harmonics + GP + seasonal spline
2021-11-16T10:00:00Z,3.595907989988668e-6,harmonics + GP + seasonal spline
2021-11-16T12:00:00Z,6.107670201688874e-5,harmonics + GP + seasonal spline
2021-11-16T14:00:00Z,1.1164538565779686e-5,harmonics + GP + seasonal spline
2021-11-16T16:00:00Z,4.5231248889340874e-5,harmonics + GP + seasonal spline
2021-11-16T18:00:00Z,6.049662027085454e-4,harmonics + GP + seasonal spline
2021-11-16T20:00:00Z,5.153216134976331e-6,harmonics + GP + seasonal spline
2021-11-16T22:00:00Z,5.396692333810291e-6,harmonics + GP + seasonal spline
2021-11-17T00:00:00Z,2.8561035889473356e-5,harmonics + GP + seasonal spline
2021-11-17T02:00:00Z,5.589253466305668e-5,harmonics + GP + seasonal spline
2021-11-17T04:00:00Z,0.003745303273681358,harmonics + GP + seasonal spline
2021-11-17T06:00:00Z,3.395198707518041e-5,harmonics + GP + seasonal spline
2021-11-17T08:00:00Z,3.3378595996640306e-6,harmonics + GP + seasonal spline
2021-11-17T10:00:00Z,9.75240236343429e-6,harmonics + GP + seasonal spline
2021-11-17T12:00:00Z,1.1770203150944834e-4,harmonics + GP + seasonal spline
2021-11-17T14:00:00Z,1.147278385590664e-4,harmonics + GP + seasonal spline
2021-11-17T16:00:00Z,1.020776265379489e-4,harmonics + GP + seasonal spline
2021-11-17T18:00:00Z,5.4734468695547715e-6,harmonics + GP + seasonal spline
2021-11-17T20:00:00Z,5.466852215883819e-5,harmonics + GP + seasonal spline
2021-11-17T22:00:00Z,1.3732308764178777e-4,harmonics + GP + seasonal spline
2021-11-18T00:00:00Z,1.3261895569063325e-4,harmonics + GP + seasonal spline
2021-11-18T02:00:00Z,3.702382317491074e-5,harmonics + GP + seasonal spline
2021-11-18T04:00:00Z,8.425542873489981e-4,harmonics + GP + seasonal spline
2021-11-18T06:00:00Z,1.5038003655835019e-4,harmonics + GP + seasonal spline
2021-11-18T08:00:00Z,3.107527446964996e-4,harmonics + GP + seasonal spline
2021-11-18T10:00:00Z,5.6047505828307504e-5,harmonics + GP + seasonal spline
2021-11-18T12:00:00Z,2.900038831120628e-6,harmonics + GP + seasonal spline
2021-11-18T14:00:00Z,4.2272552739607e-4,harmonics + GP + seasonal spline
2021-11-18T16:00:00Z,2.118768647725121e-5,harmonics + GP + seasonal spline
2021-11-18T18:00:00Z,2.1967241318649985e-4,harmonics + GP + seasonal spline
2021-11-18T20:00:00Z,2.5662708422372297e-5,harmonics + GP + seasonal spline
2021-11-18T22:00:00Z,1.152904751505469e-5,harmonics + GP + seasonal spline
2021-11-19T00:00:00Z,8.970638614436367e-6,harmonics + GP + seasonal spline
2021-11-19T02:00:00Z,2.468269765331621e-4,harmonics + GP + seasonal spline
2021-11-19T04:00:00Z,0.00793710165640477,harmonics + GP + seasonal spline
2021-11-19T06:00:00Z,4.984503721701136e-6,harmonics + GP + seasonal spline
2021-11-19T08:00:00Z,3.4097902307011883e-4,harmonics + GP + seasonal spline
2021-11-19T10:00:00Z,5.2058056894744485e-5,harmonics + GP + seasonal spline
2021-11-19T12:00:00Z,6.419402747179172e-5,harmonics + GP + seasonal spline
2021-11-19T14:00:00Z,6.723905787747595e-5,harmonics + GP + seasonal spline
2021-11-19T16:00:00Z,7.724047466532347e-4,harmonics + GP + seasonal spline
2021-11-19T18:00:00Z,1.1220380104717015e-4,harmonics + GP + seasonal spline
2021-11-19T20:00:00Z,0.004175998815125028,harmonics + GP + seasonal spline
2021-11-19T22:00:00Z,1.307873095376259e-4,harmonics + GP + seasonal spline
2021-11-20T00:00:00Z,1.186594504963654e-4,harmonics + GP + seasonal spline
2021-11-20T02:00:00Z,3.072923665872395e-5,harmonics + GP + seasonal spline
2021-11-20T04:00:00Z,0.0044264595435197455,harmonics + GP + seasonal spline
2021-11-20T06:00:00Z,3.087944093918565e-5,harmonics + GP + seasonal spline
2021-11-20T08:00:00Z,8.585220900110927e-5,harmonics + GP + seasonal spline
2021-11-20T10:00:00Z,2.5369275790729186e-5,harmonics + GP + seasonal spline
2021-11-20T12:00:00Z,1.3140262797863982e-4,harmonics + GP + seasonal spline
2021-11-20T14:00:00Z,1.4263948367035617e-5,harmonics + GP + seasonal spline
2021-11-20T16:00:00Z,2.3017195497600693e-5,harmonics + GP + seasonal spline
2021-11-20T18:00:00Z,4.391214076710199e-5,harmonics + GP + seasonal spline
2021-11-20T20:00:00Z,5.297498333136605e-4,harmonics + GP + seasonal spline
2021-11-20T22:00:00Z,0.0011497481907233728,harmonics + GP + seasonal spline
2021-11-21T00:00:00Z,1.363636155845794e-4,harmonics + GP + seasonal spline
2021-11-21T02:00:00Z,1.3345144554569518e-4,harmonics + GP + seasonal spline
2021-11-21T04:00:00Z,2.4644058813027784e-6,harmonics + GP + seasonal spline
2021-11-21T06:00:00Z,1.4692110187449164e-4,harmonics + GP + seasonal spline
2021-11-21T08:00:00Z,1.9058409019002747e-6,harmonics + GP + seasonal spline
2021-11-21T10:00:00Z,1.6269834172465684e-5,harmonics + GP + seasonal spline
2021-11-21T12:00:00Z,5.588786213840264e-5,harmonics + GP + seasonal spline
2021-11-21T14:00:00Z,1.057686756156723e-5,harmonics + GP + seasonal spline
2021-11-21T16:00:00Z,3.929397246003908e-4,harmonics + GP + seasonal spline
2021-11-21T18:00:00Z,1.568761444938971e-4,harmonics + GP + seasonal spline
2021-11-21T20:00:00Z,2.6641689663960507e-4,harmonics + GP + seasonal spline
2021-11-21T22:00:00Z,2.14277928971715e-5,harmonics + GP + seasonal spline
2021-11-22T00:00:00Z,8.606313928440247e-4,harmonics + GP + seasonal spline
2021-11-22T02:00:00Z,1.368294621681744e-4,harmonics + GP + seasonal spline
2021-11-22T04:00:00Z,0.0027234629141911597,harmonics + GP + seasonal spline
2021-11-22T06:00:00Z,4.0187326114404585e-5,harmonics + GP + seasonal spline
2021-11-22T08:00:00Z,4.593588089052484e-7,harmonics + GP + seasonal spline
2021-11-22T10:00:00Z,2.803763201535123e-4,harmonics + GP + seasonal spline
2021-11-22T12:00:00Z,2.2223962070156496e-4,harmonics + GP + seasonal spline
2021-11-22T14:00:00Z,2.2257941108160185e-4,harmonics + GP + seasonal spline
2021-11-22T16:00:00Z,8.8620783185048e-5,harmonics + GP + seasonal spline
2021-11-22T18:00:00Z,2.226353387095276e-4,harmonics + GP + seasonal spline
2021-11-22T20:00:00Z,2.794211260888917e-4,harmonics + GP + seasonal spline
2021-11-22T22:00:00Z,2.096401277587232e-6,harmonics + GP + seasonal spline
2021-11-23T00:00:00Z,3.8124286418486484e-4,harmonics + GP + seasonal spline
2021-11-23T02:00:00Z,3.6984059599846316e-5,harmonics + GP + seasonal spline
2021-11-23T04:00:00Z,1.0875262614126279e-4,harmonics + GP + seasonal spline
2021-11-23T06:00:00Z,1.1595862280120174e-6,harmonics + GP + seasonal spline
2021-11-23T08:00:00Z,3.73844180199088e-5,harmonics + GP + seasonal spline
2021-11-23T10:00:00Z,5.991740053752076e-7,harmonics + GP + seasonal spline
2021-11-23T12:00:00Z,9.469646336023088e-5,harmonics + GP + seasonal spline
2021-11-23T14:00:00Z,4.233058721266243e-5,harmonics + GP + seasonal spline
2021-11-23T16:00:00Z,1.537419783496143e-5,harmonics + GP + seasonal spline
2021-11-23T18:00:00Z,1.2407332416407478e-4,harmonics + GP + seasonal spline
2021-11-23T20:00:00Z,1.0716827612056234e-4,harmonics + GP + seasonal spline
2021-11-23T22:00:00Z,3.502388144480307e-4,harmonics + GP + seasonal spline
2021-11-24T00:00:00Z,8.888466292526657e-5,harmonics + GP + seasonal spline
2021-11-24T02:00:00Z,9.906157344538519e-5,harmonics + GP + seasonal spline
2021-11-24T04:00:00Z,1.4060865723432116e-5,harmonics + GP + seasonal spline
2021-11-24T06:00:00Z,1.2676125997531697e-5,harmonics + GP + seasonal spline
2021-11-24T08:00:00Z,1.9747625029568354e-5,harmonics + GP + seasonal spline
2021-11-24T10:00:00Z,5.943943455148528e-4,harmonics + GP + seasonal spline
2021-11-24T12:00:00Z,4.649957181185975e-6,harmonics + GP + seasonal spline
2021-11-24T14:00:00Z,1.9744047506702154e-5,harmonics + GP + seasonal spline
2021-11-24T16:00:00Z,2.654063389721442e-4,harmonics + GP + seasonal spline
2021-11-24T18:00:00Z,3.167240728350099e-5,harmonics + GP + seasonal spline
2021-11-24T20:00:00Z,3.1834388354388827e-6,harmonics + GP + seasonal spline
2021-11-24T22:00:00Z,9.645842931345794e-4,harmonics + GP + seasonal spline
2021-11-25T00:00:00Z,8.044647902050031e-4,harmonics + GP + seasonal spline
2021-11-25T02:00:00Z,7.47546513653548e-4,harmonics + GP + seasonal spline
2021-11-25T04:00:00Z,2.863074488510362e-4,harmonics + GP + seasonal spline
2021-11-25T06:00:00Z,4.4093335131506814e-5,harmonics + GP + seasonal spline
2021-11-25T08:00:00Z,2.0977777606123873e-5,harmonics + GP + seasonal spline
2021-11-25T10:00:00Z,3.7114809002831127e-4,harmonics + GP + seasonal spline
2021-11-25T12:00:00Z,1.5216567262455458e-4,harmonics + GP + seasonal spline
2021-11-25T14:00:00Z,5.631979665908313e-4,harmonics + GP + seasonal spline
2021-11-25T16:00:00Z,9.278515018694011e-5,harmonics + GP + seasonal spline
2021-11-25T18:00:00Z,0.0016444277766748778,harmonics + GP + seasonal spline
2021-11-25T20:00:00Z,6.4359777380717575e-6,harmonics + GP + seasonal spline
2021-11-25T22:00:00Z,1.5378589076543776e-4,harmonics + GP + seasonal spline
2021-11-26T00:00:00Z,1.1863595320864765e-4,harmonics + GP + seasonal spline
2021-11-26T02:00:00Z,2.4631223551475683e-5,harmonics + GP + seasonal spline
2021-11-26T04:00:00Z,6.174475683127843e-5,harmonics + GP + seasonal spline
2021-11-26T06:00:00Z,2.314199406126385e-4,harmonics + GP + seasonal spline
2021-11-26T08:00:00Z,8.995346893788006e-4,harmonics + GP + seasonal spline
2021-11-26T10:00:00Z,2.7622921599149624e-4,harmonics + GP + seasonal spline
2021-11-26T12:00:00Z,5.596199710987557e-4,harmonics + GP + seasonal spline
2021-11-26T14:00:00Z,1.6813192153034435e-4,harmonics + GP + seasonal spline
2021-11-26T16:00:00Z,2.2224389080130257e-4,harmonics + GP + seasonal spline
2021-11-26T18:00:00Z,0.002855004452590794,harmonics + GP + seasonal spline
2021-11-26T20:00:00Z,5.753910234495702e-4,harmonics + GP + seasonal spline
2021-11-26T22:00:00Z,8.712821574948093e-5,harmonics + GP + seasonal spline
2021-11-27T00:00:00Z,3.887101959187649e-5,harmonics + GP + seasonal spline
2021-11-27T02:00:00Z,5.7440806016204754e-5,harmonics + GP + seasonal spline
2021-11-27T04:00:00Z,1.445396270628022e-5,harmonics + GP + seasonal spline
2021-11-27T06:00:00Z,3.4465516213666745e-5,harmonics + GP + seasonal spline
2021-11-27T08:00:00Z,1.4197332872949558e-5,harmonics + GP + seasonal spline
2021-11-27T10:00:00Z,1.6761847901939554e-4,harmonics + GP + seasonal spline
2021-11-27T12:00:00Z,1.4957548226981257e-5,harmonics + GP + seasonal spline
2021-11-27T14:00:00Z,1.855285610345361e-6,harmonics + GP + seasonal spline
2021-11-27T16:00:00Z,6.793181192879305e-6,harmonics + GP + seasonal spline
2021-11-27T18:00:00Z,7.217222654963253e-4,harmonics + GP + seasonal spline
2021-11-27T20:00:00Z,7.652209894133334e-4,harmonics + GP + seasonal spline
2021-11-27T22:00:00Z,4.945104987240683e-4,harmonics + GP + seasonal spline
2021-11-28T00:00:00Z,8.64666760640661e-5,harmonics + GP + seasonal spline
2021-11-28T02:00:00Z,6.618477159075384e-6,harmonics + GP + seasonal spline
2021-11-28T04:00:00Z,3.3424594852802436e-5,harmonics + GP + seasonal spline
2021-11-28T06:00:00Z,1.2978437522237092e-4,harmonics + GP + seasonal spline
2021-11-28T08:00:00Z,3.677303768278219e-5,harmonics + GP + seasonal spline
2021-11-28T10:00:00Z,2.749610671823213e-4,harmonics + GP + seasonal spline
2021-11-28T12:00:00Z,2.659132379342806e-5,harmonics + GP + seasonal spline
2021-11-28T14:00:00Z,1.4803342183848214e-4,harmonics + GP + seasonal spline
2021-11-28T16:00:00Z,2.125250639857493e-4,harmonics + GP + seasonal spline
2021-11-28T18:00:00Z,9.83608676985515e-4,harmonics + GP + seasonal spline
2021-11-28T20:00:00Z,4.7065765565782105e-5,harmonics + GP + seasonal spline
2021-11-28T22:00:00Z,2.920909675271935e-5,harmonics + GP + seasonal spline
2021-11-29T00:00:00Z,3.1619110270450496e-5,harmonics + GP + seasonal spline
2021-11-29T02:00:00Z,3.4531864401483793e-5,harmonics + GP + seasonal spline
2021-11-29T04:00:00Z,3.1156894392166134e-5,harmonics + GP + seasonal spline
2021-11-29T06:00:00Z,9.171469544093552e-4,harmonics + GP + seasonal spline
2021-11-29T08:00:00Z,8.978647558163786e-5,harmonics + GP + seasonal spline
2021-11-29T10:00:00Z,1.7729587605984362e-4,harmonics + GP + seasonal spline
2021-11-29T12:00:00Z,7.766502343000159e-6,harmonics + GP + seasonal spline
2021-11-29T14:00:00Z,5.980344744109885e-6,harmonics + GP + seasonal spline
2021-11-29T16:00:00Z,3.4776519659043757e-6,harmonics + GP + seasonal spline
2021-11-29T18:00:00Z,5.052283963839142e-6,harmonics + GP + seasonal spline
2021-11-29T20:00:00Z,2.1775183976078667e-4,harmonics + GP + seasonal spline
2021-11-29T22:00:00Z,2.0402278475972485e-5,harmonics + GP + seasonal spline
2021-11-30T00:00:00Z,7.633958445660571e-6,harmonics + GP + seasonal spline
2021-11-30T02:00:00Z,1.1566024979269316e-6,harmonics + GP + seasonal spline
2021-11-30T04:00:00Z,2.341476352665703e-6,harmonics + GP + seasonal spline
2021-11-30T06:00:00Z,3.936507820257454e-5,harmonics + GP + seasonal spline
2021-11-30T08:00:00Z,8.657995466686533e-6,harmonics + GP + seasonal spline
2021-11-30T10:00:00Z,2.2346311158024655e-5,harmonics + GP + seasonal spline
2021-11-30T12:00:00Z,8.399892060538017e-5,harmonics + GP + seasonal spline
2021-11-30T14:00:00Z,1.2303024231250843e-5,harmonics + GP + seasonal spline
2021-11-30T16:00:00Z,3.8075287122108225e-5,harmonics + GP + seasonal spline
2021-11-30T18:00:00Z,3.36607589176493e-5,harmonics + GP + seasonal spline
2021-11-30T20:00:00Z,1.1639208582577053e-5,harmonics + GP + seasonal spline
2021-11-30T22:00:00Z,3.511147148480819e-4,harmonics + GP + seasonal spline
2021-12-01T00:00:00Z,3.1704428621030426e-5,harmonics + GP + seasonal spline
2021-12-01T02:00:00Z,5.334159636922634e-6,harmonics + GP + seasonal spline
2021-12-01T04:00:00Z,1.5962927693696899e-6,harmonics + GP + seasonal spline
2021-12-01T06:00:00Z,4.522119415534214e-6,harmonics + GP + seasonal spline
2021-12-01T08:00:00Z,1.343984213969238e-5,harmonics + GP + seasonal spline
2021-12-01T10:00:00Z,2.9676652033035205e-5,harmonics + GP + seasonal spline
2021-12-01T12:00:00Z,5.925451237415846e-4,harmonics + GP + seasonal spline
2021-12-01T14:00:00Z,5.209829815253671e-5,harmonics + GP + seasonal spline
2021-12-01T16:00:00Z,2.506732179598377e-5,harmonics + GP + seasonal spline
2021-12-01T18:00:00Z,8.320479212059635e-6,harmonics + GP + seasonal spline
2021-12-01T20:00:00Z,0.0010784315871229238,harmonics + GP + seasonal spline
2021-12-01T22:00:00Z,1.1119631707829274e-4,harmonics + GP + seasonal spline
2021-12-02T00:00:00Z,2.5873821360543114e-4,harmonics + GP + seasonal spline
2021-12-02T02:00:00Z,4.648472763987398e-6,harmonics + GP + seasonal spline
2021-12-02T04:00:00Z,3.5659475139784367e-7,harmonics + GP + seasonal spline
2021-12-02T06:00:00Z,1.0771915587009837e-5,harmonics + GP + seasonal spline
2021-12-02T08:00:00Z,5.644801929633086e-5,harmonics + GP + seasonal spline
2021-12-02T10:00:00Z,1.886993213959706e-5,harmonics + GP + seasonal spline
2021-12-02T12:00:00Z,3.092159705629548e-4,harmonics + GP + seasonal spline
2021-12-02T14:00:00Z,1.4467614251737675e-4,harmonics + GP + seasonal spline
2021-12-02T16:00:00Z,0.007541056244568709,harmonics + GP + seasonal spline
2021-12-02T18:00:00Z,4.1960115457335636e-4,harmonics + GP + seasonal spline
2021-12-02T20:00:00Z,1.2212299626507535e-4,harmonics + GP + seasonal spline
2021-12-02T22:00:00Z,0.006013100530857542,harmonics + GP + seasonal spline
2021-12-03T00:00:00Z,1.0515660784062714e-4,harmonics + GP + seasonal spline
2021-12-03T02:00:00Z,2.3363294701702657e-4,harmonics + GP + seasonal spline
2021-12-03T04:00:00Z,3.9681759951740854e-5,harmonics + GP + seasonal spline
2021-12-03T06:00:00Z,0.00561433848131219,harmonics + GP + seasonal spline
2021-12-03T08:00:00Z,3.0770738824122807e-4,harmonics + GP + seasonal spline
2021-12-03T10:00:00Z,4.556387762933795e-4,harmonics + GP + seasonal spline
2021-12-03T12:00:00Z,2.4148400382807082e-4,harmonics + GP + seasonal spline
2021-12-03T14:00:00Z,0.010688954424933814,harmonics + GP + seasonal spline
2021-12-03T16:00:00Z,0.0016422777310029406,harmonics + GP + seasonal spline
2021-12-03T18:00:00Z,0.005308801465163268,harmonics + GP + seasonal spline
2021-12-03T20:00:00Z,6.830116290575224e-4,harmonics + GP + seasonal spline
2021-12-03T22:00:00Z,0.001522421333561015,harmonics + GP + seasonal spline
2021-12-04T00:00:00Z,6.637729418857944e-5,harmonics + GP + seasonal spline
2021-12-04T02:00:00Z,3.3038501153753944e-5,harmonics + GP + seasonal spline
2021-12-04T04:00:00Z,1.7634887081059215e-4,harmonics + GP + seasonal spline
2021-12-04T06:00:00Z,4.2774107881657825e-5,harmonics + GP + seasonal spline
2021-12-04T08:00:00Z,2.9304063026934263e-4,harmonics + GP + seasonal spline
2021-12-04T10:00:00Z,1.5138416756430259e-5,harmonics + GP + seasonal spline
2021-12-04T12:00:00Z,1.0843620358794764e-4,harmonics + GP + seasonal spline
2021-12-04T14:00:00Z,5.440941287245836e-4,harmonics + GP + seasonal spline
2021-12-04T16:00:00Z,0.008814297009608323,harmonics + GP + seasonal spline
2021-12-04T18:00:00Z,0.0014681993484762417,harmonics + GP + seasonal spline
2021-12-04T20:00:00Z,7.695021463223764e-4,harmonics + GP + seasonal spline
2021-12-04T22:00:00Z,8.22709159428575e-5,harmonics + GP + seasonal spline
2021-12-05T00:00:00Z,0.009051884189410444,harmonics + GP + seasonal spline
2021-12-05T02:00:00Z,0.0016083077150730821,harmonics + GP + seasonal spline
2021-12-05T04:00:00Z,7.838811113580735e-4,harmonics + GP + seasonal spline
2021-12-05T06:00:00Z,0.0020810882854187026,harmonics + GP + seasonal spline
2021-12-05T08:00:00Z,4.156198522487893e-4,harmonics + GP + seasonal spline
2021-12-05T10:00:00Z,0.0012788163641934012,harmonics + GP + seasonal spline
2021-12-05T12:00:00Z,5.058767658158103e-6,harmonics + GP + seasonal spline
2021-12-05T14:00:00Z,2.625882644396147e-4,harmonics + GP + seasonal spline
2021-12-05T16:00:00Z,1.9379074015748055e-4,harmonics + GP + seasonal spline
2021-12-05T18:00:00Z,0.0017237788194689493,harmonics + GP + seasonal spline
2021-12-05T20:00:00Z,0.0034044779203839114,harmonics + GP + seasonal spline
2021-12-05T22:00:00Z,0.0035991521149239063,harmonics + GP + seasonal spline
2021-12-06T00:00:00Z,0.0014569297102803385,harmonics + GP + seasonal spline
2021-12-06T02:00:00Z,8.173538978726789e-4,harmonics + GP + seasonal spline
2021-12-06T04:00:00Z,8.196782191244315e-4,harmonics + GP + seasonal spline
2021-12-06T06:00:00Z,4.5552344224219875e-4,harmonics + GP + seasonal spline
2021-12-06T08:00:00Z,0.0019799235920843527,harmonics + GP + seasonal spline
2021-12-06T10:00:00Z,3.62373770863613e-5,harmonics + GP + seasonal spline
2021-12-06T12:00:00Z,3.774123850090819e-4,harmonics + GP + seasonal spline
2021-12-06T14:00:00Z,9.825036431907009e-5,harmonics + GP + seasonal spline
2021-12-06T16:00:00Z,2.095037232110864e-4,harmonics + GP + seasonal spline
2021-12-06T18:00:00Z,3.0061525690214854e-4,harmonics + GP + seasonal spline
2021-12-06T20:00:00Z,1.687301830599329e-5,harmonics + GP + seasonal spline
2021-12-06T22:00:00Z,1.0358346433719391e-4,harmonics + GP + seasonal spline
2021-12-07T00:00:00Z,5.42967435138518e-4,harmonics + GP + seasonal spline
2021-12-07T02:00:00Z,7.000611866557889e-4,harmonics + GP + seasonal spline
2021-12-07T04:00:00Z,2.0592420791131446e-4,harmonics + GP + seasonal spline
2021-12-07T06:00:00Z,1.500026705793632e-5,harmonics + GP + seasonal spline
2021-12-07T08:00:00Z,4.974491594671106e-6,harmonics + GP + seasonal spline
2021-12-07T10:00:00Z,5.17034368381576e-5,harmonics + GP + seasonal spline
2021-12-07T12:00:00Z,7.007317492240266e-4,harmonics + GP + seasonal spline
2021-12-07T14:00:00Z,1.8024977932030782e-7,harmonics + GP + seasonal spline
2021-12-07T16:00:00Z,4.2253561067277746e-4,harmonics + GP + seasonal spline
2021-12-07T18:00:00Z,4.009196167022237e-5,harmonics + GP + seasonal spline
2021-12-07T20:00:00Z,7.583338646589603e-4,harmonics + GP + seasonal spline
2021-12-07T22:00:00Z,1.9238020483231037e-4,harmonics + GP + seasonal spline
2021-12-08T00:00:00Z,0.0015874714733578926,harmonics + GP + seasonal spline
2021-12-08T02:00:00Z,0.0036904691311450233,harmonics + GP + seasonal spline
2021-12-08T04:00:00Z,3.7459535087402046e-4,harmonics + GP + seasonal spline
2021-12-08T06:00:00Z,3.546881309520692e-5,harmonics + GP + seasonal spline
2021-12-08T08:00:00Z,0.0010831471529977748,harmonics + GP + seasonal spline
2021-12-08T10:00:00Z,9.4928438695543e-5,harmonics + GP + seasonal spline
2021-12-08T12:00:00Z,0.0034593524240697413,harmonics + GP + seasonal spline
2021-12-08T14:00:00Z,4.1980282898282823e-4,harmonics + GP + seasonal spline
2021-12-08T16:00:00Z,6.308075266443837e-4,harmonics + GP + seasonal spline
2021-12-08T18:00:00Z,2.955642491855626e-5,harmonics + GP + seasonal spline
2021-12-08T20:00:00Z,1.7807908490936097e-4,harmonics + GP + seasonal spline
2021-12-08T22:00:00Z,0.0035752916658906187,harmonics + GP + seasonal spline
2021-12-09T00:00:00Z,4.474094679463767e-4,harmonics + GP + seasonal spline
2021-12-09T02:00:00Z,0.0027864596175184086,harmonics + GP + seasonal spline
2021-12-09T04:00:00Z,4.130382074197215e-4,harmonics + GP + seasonal spline
2021-12-09T06:00:00Z,3.737217854746807e-4,harmonics + GP + seasonal spline
2021-12-09T08:00:00Z,4.93258492908859e-5,harmonics + GP + seasonal spline
2021-12-09T10:00:00Z,5.8390934596664106e-5,harmonics + GP + seasonal spline
2021-12-09T12:00:00Z,0.0033182927814855347,harmonics + GP + seasonal spline
2021-12-09T14:00:00Z,0.00790791114821079,harmonics + GP + seasonal spline
2021-12-09T16:00:00Z,2.9338117291728887e-5,harmonics + GP + seasonal spline
2021-12-09T18:00:00Z,4.609104628933092e-4,harmonics + GP + seasonal spline
2021-12-09T20:00:00Z,0.0016121341021230948,harmonics + GP + seasonal spline
2021-12-09T22:00:00Z,0.002083810713468976,harmonics + GP + seasonal spline
2021-12-10T00:00:00Z,1.2509660071727632e-4,harmonics + GP + seasonal spline
2021-12-10T02:00:00Z,8.378845723960306e-5,harmonics + GP + seasonal spline
2021-12-10T04:00:00Z,0.0033921238042462724,harmonics + GP + seasonal spline
2021-12-10T06:00:00Z,0.001280532239071533,harmonics + GP + seasonal spline
2021-12-10T08:00:00Z,3.2024337643394055e-5,harmonics + GP + seasonal spline
2021-12-10T10:00:00Z,5.9284839495842176e-5,harmonics + GP + seasonal spline
2021-12-10T12:00:00Z,0.016087053728972397,harmonics + GP + seasonal spline
2021-12-10T14:00:00Z,3.7308931831682446e-4,harmonics + GP + seasonal spline
2021-12-10T16:00:00Z,0.001528170387995967,harmonics + GP + seasonal spline
2021-12-10T18:00:00Z,5.784233870721255e-4,harmonics + GP + seasonal spline
2021-12-10T20:00:00Z,0.0026990099264812177,harmonics + GP + seasonal spline
2021-12-10T22:00:00Z,6.630883855257455e-4,harmonics + GP + seasonal spline
2021-12-11T00:00:00Z,5.565978104831079e-4,harmonics + GP + seasonal spline
2021-12-11T02:00:00Z,8.149021310464716e-4,harmonics + GP + seasonal spline
2021-12-11T04:00:00Z,0.003777462616143099,harmonics + GP + seasonal spline
2021-12-11T06:00:00Z,2.1593696707472584e-4,harmonics + GP + seasonal spline
2021-12-11T08:00:00Z,0.0022863120355716225,harmonics + GP + seasonal spline
2021-12-11T10:00:00Z,0.0019111319839616148,harmonics + GP + seasonal spline
2021-12-11T12:00:00Z,1.7641184848323544e-5,harmonics + GP + seasonal spline
2021-12-11T14:00:00Z,0.0014541329689863234,harmonics + GP + seasonal spline
2021-12-11T16:00:00Z,4.897634753815348e-5,harmonics + GP + seasonal spline
2021-12-11T18:00:00Z,3.1726307271546264e-4,harmonics + GP + seasonal spline
2021-12-11T20:00:00Z,5.93121761317219e-4,harmonics + GP + seasonal spline
2021-12-11T22:00:00Z,0.0013884186443057452,harmonics + GP + seasonal spline
2021-12-12T00:00:00Z,0.001149013536262502,harmonics + GP + seasonal spline
2021-12-12T02:00:00Z,2.9833972034486064e-4,harmonics + GP + seasonal spline
2021-12-12T04:00:00Z,5.822798509977381e-4,harmonics + GP + seasonal spline
2021-12-12T06:00:00Z,8.447437569083447e-5,harmonics + GP + seasonal spline
2021-12-12T08:00:00Z,1.320177022381691e-4,harmonics + GP + seasonal spline
2021-12-12T10:00:00Z,3.932345122039287e-5,harmonics + GP + seasonal spline
2021-12-12T12:00:00Z,3.5968276578044237e-4,harmonics + GP + seasonal spline
2021-12-12T14:00:00Z,5.287758819893316e-5,harmonics + GP + seasonal spline
2021-12-12T16:00:00Z,3.8420986052657415e-4,harmonics + GP + seasonal spline
2021-12-12T18:00:00Z,6.902508338946012e-5,harmonics + GP + seasonal spline
2021-12-12T20:00:00Z,0.00165119096238242,harmonics + GP + seasonal spline
2021-12-12T22:00:00Z,0.0018612722362468042,harmonics + GP + seasonal spline
2021-12-13T00:00:00Z,2.466063772977748e-5,harmonics + GP + seasonal spline
2021-12-13T02:00:00Z,1.664719479689784e-5,harmonics + GP + seasonal spline
2021-12-13T04:00:00Z,0.0012162217886571346,harmonics + GP + seasonal spline
2021-12-13T06:00:00Z,0.001015134041987828,harmonics + GP + seasonal spline
2021-12-13T08:00:00Z,3.483600279792397e-5,harmonics + GP + seasonal spline
2021-12-13T10:00:00Z,6.203390810091259e-6,harmonics + GP + seasonal spline
2021-12-13T12:00:00Z,2.120098086713475e-5,harmonics + GP + seasonal spline
2021-12-13T14:00:00Z,1.2754599336494684e-5,harmonics + GP + seasonal spline
2021-12-13T16:00:00Z,4.112007641163121e-5,harmonics + GP + seasonal spline
2021-12-13T18:00:00Z,3.45647137753417e-5,harmonics + GP + seasonal spline
2021-12-13T20:00:00Z,9.350799716364538e-8,harmonics + GP + seasonal spline
2021-12-13T22:00:00Z,3.5600779628224088e-6,harmonics + GP + seasonal spline
2021-12-14T00:00:00Z,6.157875222165427e-5,harmonics + GP + seasonal spline
2021-12-14T02:00:00Z,1.54950362229578e-5,harmonics + GP + seasonal spline
2021-12-14T04:00:00Z,4.710788084019633e-4,harmonics + GP + seasonal spline
2021-12-14T06:00:00Z,2.832403378819376e-6,harmonics + GP + seasonal spline
2021-12-14T08:00:00Z,1.4213159775011595e-5,harmonics + GP + seasonal spline
2021-12-14T10:00:00Z,6.766214930245529e-5,harmonics + GP + seasonal spline
2021-12-14T12:00:00Z,1.2212565291669798e-4,harmonics + GP + seasonal spline
2021-12-14T14:00:00Z,2.385909773853594e-5,harmonics + GP + seasonal spline
2021-12-14T16:00:00Z,1.64940230356972e-5,harmonics + GP + seasonal spline
2021-12-14T18:00:00Z,8.365690047595907e-5,harmonics + GP + seasonal spline
2021-12-14T20:00:00Z,2.5659709671815108e-5,harmonics + GP + seasonal spline
2021-12-14T22:00:00Z,5.127146421547075e-7,harmonics + GP + seasonal spline
2021-12-15T00:00:00Z,4.868187409966936e-6,harmonics + GP + seasonal spline
2021-12-15T02:00:00Z,3.1484102776970174e-5,harmonics + GP + seasonal spline
2021-12-15T04:00:00Z,9.601823975692529e-7,harmonics + GP + seasonal spline
2021-12-15T06:00:00Z,2.97410537594361e-6,harmonics + GP + seasonal spline
2021-12-15T08:00:00Z,1.6469515232494538e-4,harmonics + GP + seasonal spline
2021-12-15T10:00:00Z,1.0389833991790409e-4,harmonics + GP + seasonal spline
2021-12-15T12:00:00Z,1.2629513870071776e-5,harmonics + GP + seasonal spline
2021-12-15T14:00:00Z,2.6433222959974867e-5,harmonics + GP + seasonal spline
2021-12-15T16:00:00Z,2.3087154080378437e-6,harmonics + GP + seasonal spline
2021-12-15T18:00:00Z,0.004691973488553454,harmonics + GP + seasonal spline
2021-12-15T20:00:00Z,5.7775335243398005e-5,harmonics + GP + seasonal spline
2021-12-15T22:00:00Z,6.068971784957683e-4,harmonics + GP + seasonal spline
2021-12-16T00:00:00Z,5.298484065714078e-4,harmonics + GP + seasonal spline
2021-12-16T02:00:00Z,1.1252378461677472e-5,harmonics + GP + seasonal spline
2021-12-16T04:00:00Z,6.080899795080008e-5,harmonics + GP + seasonal spline
2021-12-16T06:00:00Z,4.052562814591338e-5,harmonics + GP + seasonal spline
2021-12-16T08:00:00Z,1.9974378159981694e-5,harmonics + GP + seasonal spline
2021-12-16T10:00:00Z,6.498671149740306e-4,harmonics + GP + seasonal spline
2021-12-16T12:00:00Z,0.00553734382859669,harmonics + GP + seasonal spline
2021-12-16T14:00:00Z,0.0013298354872438958,harmonics + GP + seasonal spline
2021-12-16T16:00:00Z,3.813039220580995e-5,harmonics + GP + seasonal spline
2021-12-16T18:00:00Z,5.8699599659772516e-5,harmonics + GP + seasonal spline
2021-12-16T20:00:00Z,7.906422636544077e-5,harmonics + GP + seasonal spline
2021-12-16T22:00:00Z,1.0042945817471922e-4,harmonics + GP + seasonal spline
2021-12-17T00:00:00Z,0.01959149306757187,harmonics + GP + seasonal spline
2021-12-17T02:00:00Z,0.003558162949760525,harmonics + GP + seasonal spline
2021-12-17T04:00:00Z,4.1938438146324914e-4,harmonics + GP + seasonal spline
2021-12-17T06:00:00Z,2.5509966408754744e-4,harmonics + GP + seasonal spline
2021-12-17T08:00:00Z,7.374861511650964e-6,harmonics + GP + seasonal spline
2021-12-17T10:00:00Z,3.0093146356778914e-5,harmonics + GP + seasonal spline
2021-12-17T12:00:00Z,3.1123044901305884e-4,harmonics + GP + seasonal spline
2021-12-17T14:00:00Z,1.9011970308593657e-4,harmonics + GP + seasonal spline
2021-12-17T16:00:00Z,0.0032220645976623573,harmonics + GP + seasonal spline
2021-12-17T18:00:00Z,9.444440536047186e-6,harmonics + GP + seasonal spline
2021-12-17T20:00:00Z,0.0011726102419428819,harmonics + GP + seasonal spline
2021-12-17T22:00:00Z,8.723756824282714e-4,harmonics + GP + seasonal spline
2021-12-18T00:00:00Z,1.652597496709703e-4,harmonics + GP + seasonal spline
2021-12-18T02:00:00Z,1.4591603551714186e-4,harmonics + GP + seasonal spline
2021-12-18T04:00:00Z,7.542045807988642e-5,harmonics + GP + seasonal spline
2021-12-18T06:00:00Z,0.002073395209328279,harmonics + GP + seasonal spline
2021-12-18T08:00:00Z,5.141697195481828e-5,harmonics + GP + seasonal spline
2021-12-18T10:00:00Z,4.906664110910957e-4,harmonics + GP + seasonal spline
2021-12-18T12:00:00Z,1.8705522130939577e-4,harmonics + GP + seasonal spline
2021-12-18T14:00:00Z,0.007473300522793527,harmonics + GP + seasonal spline
2021-12-18T16:00:00Z,0.00573168471784801,harmonics + GP + seasonal spline
2021-12-18T18:00:00Z,3.557789637247095e-4,harmonics + GP + seasonal spline
2021-12-18T20:00:00Z,0.006245708060514356,harmonics + GP + seasonal spline
2021-12-18T22:00:00Z,3.3157565937647493e-6,harmonics + GP + seasonal spline
2021-12-19T00:00:00Z,5.887456314524216e-5,harmonics + GP + seasonal spline
2021-12-19T02:00:00Z,3.766955507562923e-5,harmonics + GP + seasonal spline
2021-12-19T04:00:00Z,0.015896194603463212,harmonics + GP + seasonal spline
2021-12-19T06:00:00Z,4.839102973970069e-5,harmonics + GP + seasonal spline
2021-12-19T08:00:00Z,1.980670142274116e-5,harmonics + GP + seasonal spline
2021-12-19T10:00:00Z,1.3125404576408942e-5,harmonics + GP + seasonal spline
2021-12-19T12:00:00Z,5.792041674664832e-6,harmonics + GP + seasonal spline
2021-12-19T14:00:00Z,1.9026260344009264e-4,harmonics + GP + seasonal spline
2021-12-19T16:00:00Z,2.3254798719649593e-4,harmonics + GP + seasonal spline
2021-12-19T18:00:00Z,3.7427879526726954e-4,harmonics + GP + seasonal spline
2021-12-19T20:00:00Z,0.007563753354089152,harmonics + GP + seasonal spline
2021-12-19T22:00:00Z,0.0012529429923095984,harmonics + GP + seasonal spline
2021-12-20T00:00:00Z,1.1610092022397423e-4,harmonics + GP + seasonal spline
2021-12-20T02:00:00Z,6.843693998048081e-5,harmonics + GP + seasonal spline
2021-12-20T04:00:00Z,3.490760317076713e-4,harmonics + GP + seasonal spline
2021-12-20T06:00:00Z,2.98186220846227e-4,harmonics + GP + seasonal spline
2021-12-20T08:00:00Z,0.008575602244053985,harmonics + GP + seasonal spline
2021-12-20T10:00:00Z,5.986339804927572e-5,harmonics + GP + seasonal spline
2021-12-20T12:00:00Z,1.3664799610107652e-6,harmonics + GP + seasonal spline
2021-12-20T14:00:00Z,2.1816813492811892e-4,harmonics + GP + seasonal spline
2021-12-20T16:00:00Z,1.1069241310322971e-4,harmonics + GP + seasonal spline
2021-12-20T18:00:00Z,5.087440250812255e-4,harmonics + GP + seasonal spline
2021-12-20T20:00:00Z,0.008772595391779277,harmonics + GP + seasonal spline
2021-12-20T22:00:00Z,5.526361875419692e-4,harmonics + GP + seasonal spline
2021-12-21T00:00:00Z,9.58529737066502e-4,harmonics + GP + seasonal spline
2021-12-21T02:00:00Z,7.205439145085467e-6,harmonics + GP + seasonal spline
2021-12-21T04:00:00Z,6.058601201647781e-6,harmonics + GP + seasonal spline
2021-12-21T06:00:00Z,3.910236153610478e-5,harmonics + GP + seasonal spline
2021-12-21T08:00:00Z,5.786227719600835e-7,harmonics + GP + seasonal spline
2021-12-21T10:00:00Z,3.4210152733683003e-6,harmonics + GP + seasonal spline
2021-12-21T12:00:00Z,5.6577607968114795e-6,harmonics + GP + seasonal spline
2021-12-21T14:00:00Z,3.0327486165501863e-4,harmonics + GP + seasonal spline
2021-12-21T16:00:00Z,7.59205224493697e-4,harmonics + GP + seasonal spline
2021-12-21T18:00:00Z,3.3994188032341264e-7,harmonics + GP + seasonal spline
2021-12-21T20:00:00Z,9.16377247113979e-5,harmonics + GP + seasonal spline
2021-12-21T22:00:00Z,4.358516559426871e-4,harmonics + GP + seasonal spline
2021-12-22T00:00:00Z,1.544064755175365e-4,harmonics + GP + seasonal spline
2021-12-22T02:00:00Z,9.464246945178272e-4,harmonics + GP + seasonal spline
2021-12-22T04:00:00Z,2.1683597350974118e-4,harmonics + GP + seasonal spline
2021-12-22T06:00:00Z,3.315095778815055e-4,harmonics + GP + seasonal spline
2021-12-22T08:00:00Z,1.287471645041797e-4,harmonics + GP + seasonal spline
2021-12-22T10:00:00Z,2.6649644988207512e-5,harmonics + GP + seasonal spline
2021-12-22T12:00:00Z,3.2648350269772863e-4,harmonics + GP + seasonal spline
2021-12-22T14:00:00Z,6.060417206798696e-5,harmonics + GP + seasonal spline
2021-12-22T16:00:00Z,0.0013602486389239778,harmonics + GP + seasonal spline
2021-12-22T18:00:00Z,3.0910913851111963e-4,harmonics + GP + seasonal spline
2021-12-22T20:00:00Z,1.5952726404310297e-4,harmonics + GP + seasonal spline
2021-12-22T22:00:00Z,6.806991633787124e-5,harmonics + GP + seasonal spline
2021-12-23T00:00:00Z,7.390998122865905e-4,harmonics + GP + seasonal spline
2021-12-23T02:00:00Z,3.403664744842732e-4,harmonics + GP + seasonal spline
2021-12-23T04:00:00Z,0.0016275812130839293,harmonics + GP + seasonal spline
2021-12-23T06:00:00Z,4.661080687215837e-4,harmonics + GP + seasonal spline
2021-12-23T08:00:00Z,4.616641379620562e-4,harmonics + GP + seasonal spline
2021-12-23T10:00:00Z,1.271622124506792e-4,harmonics + GP + seasonal spline
2021-12-23T12:00:00Z,2.0640887875846676e-4,harmonics + GP + seasonal spline
2021-12-23T14:00:00Z,1.9659831419020608e-5,harmonics + GP + seasonal spline
2021-12-23T16:00:00Z,8.346656430467206e-6,harmonics + GP + seasonal spline
2021-12-23T18:00:00Z,1.1667227410530083e-4,harmonics + GP + seasonal spline
2021-12-23T20:00:00Z,0.001870373357786679,harmonics + GP + seasonal spline
2021-12-23T22:00:00Z,1.3179566941561914e-4,harmonics + GP + seasonal spline
2021-12-24T00:00:00Z,0.0011553577945369446,harmonics + GP + seasonal spline
2021-12-24T02:00:00Z,2.5128651971867496e-5,harmonics + GP + seasonal spline
2021-12-24T04:00:00Z,9.866167248960254e-4,harmonics + GP + seasonal spline
2021-12-24T06:00:00Z,1.2276671971394787e-4,harmonics + GP + seasonal spline
2021-12-24T08:00:00Z,8.097045245325289e-5,harmonics + GP + seasonal spline
2021-12-24T10:00:00Z,7.767844473021757e-4,harmonics + GP + seasonal spline
2021-12-24T12:00:00Z,0.006280709732286641,harmonics + GP + seasonal spline
2021-12-24T14:00:00Z,4.111421786353096e-5,harmonics + GP + seasonal spline
2021-12-24T16:00:00Z,5.1404302127541414e-5,harmonics + GP + seasonal spline
2021-12-24T18:00:00Z,0.004552980150151317,harmonics + GP + seasonal spline
2021-12-24T20:00:00Z,2.6428677004430254e-4,harmonics + GP + seasonal spline
2021-12-24T22:00:00Z,0.0028565806381985444,harmonics + GP + seasonal spline
2021-12-25T00:00:00Z,0.0022815725658284066,harmonics + GP + seasonal spline
2021-12-25T02:00:00Z,2.591834143602837e-4,harmonics + GP + seasonal spline
2021-12-25T04:00:00Z,1.1210061734219586e-4,harmonics + GP + seasonal spline
2021-12-25T06:00:00Z,0.003885214978913497,harmonics + GP + seasonal spline
2021-12-25T08:00:00Z,4.843545359246186e-5,harmonics + GP + seasonal spline
2021-12-25T10:00:00Z,2.7750086848892634e-5,harmonics + GP + seasonal spline
2021-12-25T12:00:00Z,0.002030509660370848,harmonics + GP + seasonal spline
2021-12-25T14:00:00Z,4.6011966510866085e-4,harmonics + GP + seasonal spline
2021-12-25T16:00:00Z,0.0019066627360722949,harmonics + GP + seasonal spline
2021-12-25T18:00:00Z,2.1731804603715196e-4,harmonics + GP + seasonal spline
2021-12-25T20:00:00Z,0.0010049322868691771,harmonics + GP + seasonal spline
2021-12-25T22:00:00Z,4.898315548635633e-5,harmonics + GP + seasonal spline
2021-12-26T00:00:00Z,0.00139265443402044,harmonics + GP + seasonal spline
2021-12-26T02:00:00Z,2.870601487691771e-4,harmonics + GP + seasonal spline
2021-12-26T04:00:00Z,3.4537704262753134e-4,harmonics + GP + seasonal spline
2021-12-26T06:00:00Z,3.2331799667080355e-5,harmonics + GP + seasonal spline
2021-12-26T08:00:00Z,7.245575835118614e-4,harmonics + GP + seasonal spline
2021-12-26T10:00:00Z,3.854982093990943e-4,harmonics + GP + seasonal spline
2021-12-26T12:00:00Z,5.935291621909246e-4,harmonics + GP + seasonal spline
2021-12-26T14:00:00Z,1.0265633073972753e-5,harmonics + GP + seasonal spline
2021-12-26T16:00:00Z,1.1541653503903056e-6,harmonics + GP + seasonal spline
2021-12-26T18:00:00Z,1.0180519529390446e-5,harmonics + GP + seasonal spline
2021-12-26T20:00:00Z,3.902335998430736e-4,harmonics + GP + seasonal spline
2021-12-26T22:00:00Z,1.3324988986925904e-5,harmonics + GP + seasonal spline
2021-12-27T00:00:00Z,3.0050110106287774e-4,harmonics + GP + seasonal spline
2021-12-27T02:00:00Z,8.903906497700367e-7,harmonics + GP + seasonal spline
2021-12-27T04:00:00Z,3.495387791706018e-5,harmonics + GP + seasonal spline
2021-12-27T06:00:00Z,1.4489292028342993e-5,harmonics + GP + seasonal spline
2021-12-27T08:00:00Z,5.02693855194659e-6,harmonics + GP + seasonal spline
2021-12-27T10:00:00Z,1.1647941506526427e-5,harmonics + GP + seasonal spline
2021-12-27T12:00:00Z,4.35959412016109e-6,harmonics + GP + seasonal spline
2021-12-27T14:00:00Z,1.0950991572730597e-4,harmonics + GP + seasonal spline
2021-12-27T16:00:00Z,1.1292835800155023e-4,harmonics + GP + seasonal spline
2021-12-27T18:00:00Z,1.7946311538507124e-6,harmonics + GP + seasonal spline
2021-12-27T20:00:00Z,2.5235331220260334e-5,harmonics + GP + seasonal spline
2021-12-27T22:00:00Z,2.6054463697835762e-5,harmonics + GP + seasonal spline
2021-12-28T00:00:00Z,0.00184005677969708,harmonics + GP + seasonal spline
2021-12-28T02:00:00Z,1.864700373821391e-5,harmonics + GP + seasonal spline
2021-12-28T04:00:00Z,0.0012416043798476222,harmonics + GP + seasonal spline
2021-12-28T06:00:00Z,0.0072537386498643715,harmonics + GP + seasonal spline
2021-12-28T08:00:00Z,4.0641020851949004e-4,harmonics + GP + seasonal spline
2021-12-28T10:00:00Z,6.172317212689328e-6,harmonics + GP + seasonal spline
2021-12-28T12:00:00Z,2.381700384752883e-5,harmonics + GP + seasonal spline
2021-12-28T14:00:00Z,8.948580660556095e-7,harmonics + GP + seasonal spline
2021-12-28T16:00:00Z,8.467758623585968e-5,harmonics + GP + seasonal spline
2021-12-28T18:00:00Z,6.744388505845814e-6,harmonics + GP + seasonal spline
2021-12-28T20:00:00Z,3.808532735133496e-5,harmonics + GP + seasonal spline
2021-12-28T22:00:00Z,1.4730591100633077e-5,harmonics + GP + seasonal spline
2021-12-29T00:00:00Z,5.518944835409419e-5,harmonics + GP + seasonal spline
2021-12-29T02:00:00Z,5.3757489536964975e-5,harmonics + GP + seasonal spline
2021-12-29T04:00:00Z,3.133064917778033e-6,harmonics + GP + seasonal spline
2021-12-29T06:00:00Z,4.583228629349464e-4,harmonics + GP + seasonal spline
2021-12-29T08:00:00Z,1.6457579228615665e-5,harmonics + GP + seasonal spline
2021-12-29T10:00:00Z,1.782708596438571e-5,harmonics + GP + seasonal spline
2021-12-29T12:00:00Z,7.87505572826216e-6,harmonics + GP + seasonal spline
2021-12-29T14:00:00Z,5.460400894123953e-4,harmonics + GP + seasonal spline
2021-12-29T16:00:00Z,0.00159065653907932,harmonics + GP + seasonal spline
2021-12-29T18:00:00Z,3.8961059663251046e-5,harmonics + GP + seasonal spline
2021-12-29T20:00:00Z,1.7104110919144221e-6,harmonics + GP + seasonal spline
2021-12-29T22:00:00Z,0.0011865785578801017,harmonics + GP + seasonal spline
2021-12-30T00:00:00Z,2.1667181598714965e-5,harmonics + GP + seasonal spline
2021-12-30T02:00:00Z,6.072629581384452e-6,harmonics + GP + seasonal spline
2021-12-30T04:00:00Z,3.353012655374978e-5,harmonics + GP + seasonal spline
2021-12-30T06:00:00Z,5.24486626060175e-4,harmonics + GP + seasonal spline
2021-12-30T08:00:00Z,8.546587665334997e-4,harmonics + GP + seasonal spline
2021-12-30T10:00:00Z,1.4750668642365088e-4,harmonics + GP + seasonal spline
2021-12-30T12:00:00Z,3.842764233048284e-4,harmonics + GP + seasonal spline
2021-12-30T14:00:00Z,1.7005994187655812e-5,harmonics + GP + seasonal spline
2021-12-30T16:00:00Z,2.5362764970276536e-4,harmonics + GP + seasonal spline
2021-12-30T18:00:00Z,3.5870176512780806e-5,harmonics + GP + seasonal spline
2021-12-30T20:00:00Z,4.96179810817353e-4,harmonics + GP + seasonal spline
2021-12-30T22:00:00Z,4.676238666767673e-5,harmonics + GP + seasonal spline
2021-12-31T00:00:00Z,3.4245168663795246e-5,harmonics + GP + seasonal spline
2021-12-31T02:00:00Z,4.061876942045894e-4,harmonics + GP + seasonal spline
2021-12-31T04:00:00Z,6.114132439533877e-4,harmonics + GP + seasonal spline
2021-12-31T06:00:00Z,1.4506414146892274e-4,harmonics + GP + seasonal spline
2021-12-31T08:00:00Z,1.2111875847333281e-5,harmonics + GP + seasonal spline
2021-12-31T10:00:00Z,1.063314184451042e-4,harmonics + GP + seasonal spline
2021-12-31T12:00:00Z,0.0019971868844191744,harmonics + GP + seasonal spline
2021-12-31T14:00:00Z,0.0014250473661151267,harmonics + GP + seasonal spline
2021-12-31T16:00:00Z,8.037335094766634e-5,harmonics + GP + seasonal spline
2021-12-31T18:00:00Z,1.2764485327148868e-4,harmonics + GP + seasonal spline
2021-12-31T20:00:00Z,2.1241141208586963e-4,harmonics + GP + seasonal spline
2021-12-31T22:00:00Z,3.0598054560822296e-4,harmonics + GP + seasonal spline
2022-01-01T00:00:00Z,2.739228360989175e-4,harmonics + GP + seasonal spline
2022-01-01T02:00:00Z,1.3590469214083228e-4,harmonics + GP + seasonal spline
2022-01-01T04:00:00Z,3.486923055960447e-5,harmonics + GP + seasonal spline
2022-01-01T06:00:00Z,6.380836122684159e-4,harmonics + GP + seasonal spline
2022-01-01T08:00:00Z,3.081914767528954e-4,harmonics + GP + seasonal spline
2022-01-01T10:00:00Z,2.1523208684993518e-5,harmonics + GP + seasonal spline
2022-01-01T12:00:00Z,0.00198678930872139,harmonics + GP + seasonal spline
2022-01-01T14:00:00Z,8.417170358459035e-5,harmonics + GP + seasonal spline
2022-01-01T16:00:00Z,0.009382265504417515,harmonics + GP + seasonal spline
2022-01-01T18:00:00Z,0.002484093931790449,harmonics + GP + seasonal spline
2022-01-01T20:00:00Z,2.604897224541683e-4,harmonics + GP + seasonal spline
2022-01-01T22:00:00Z,1.8672963440078186e-4,harmonics + GP + seasonal spline
2022-01-02T00:00:00Z,8.651186908172575e-4,harmonics + GP + seasonal spline
2022-01-02T02:00:00Z,0.0010277287321592994,harmonics + GP + seasonal spline
2022-01-02T04:00:00Z,1.9676989505605142e-4,harmonics + GP + seasonal spline
2022-01-02T06:00:00Z,0.0020557126710821056,harmonics + GP + seasonal spline
2022-01-02T08:00:00Z,2.2090808231653574e-5,harmonics + GP + seasonal spline
2022-01-02T10:00:00Z,2.8296597839151388e-5,harmonics + GP + seasonal spline
2022-01-02T12:00:00Z,9.290557535091778e-4,harmonics + GP + seasonal spline
2022-01-02T14:00:00Z,1.8485188607699816e-4,harmonics + GP + seasonal spline
2022-01-02T16:00:00Z,4.654719380908844e-5,harmonics + GP + seasonal spline
2022-01-02T18:00:00Z,6.159865870888616e-4,harmonics + GP + seasonal spline
2022-01-02T20:00:00Z,8.601055498627604e-4,harmonics + GP + seasonal spline
2022-01-02T22:00:00Z,0.009879682421308251,harmonics + GP + seasonal spline
2022-01-03T00:00:00Z,2.2471382021066896e-5,harmonics + GP + seasonal spline
2022-01-03T02:00:00Z,7.269233320243481e-6,harmonics + GP + seasonal spline
2022-01-03T04:00:00Z,3.348289231114497e-6,harmonics + GP + seasonal spline
2022-01-03T06:00:00Z,9.66444179032373e-7,harmonics + GP + seasonal spline
2022-01-03T08:00:00Z,1.496284701220875e-4,harmonics + GP + seasonal spline
2022-01-03T10:00:00Z,1.5793106729624227e-4,harmonics + GP + seasonal spline
2022-01-03T12:00:00Z,0.0010891805342315307,harmonics + GP + seasonal spline
2022-01-03T14:00:00Z,3.341247285991256e-5,harmonics + GP + seasonal spline
2022-01-03T16:00:00Z,2.2628374217223665e-4,harmonics + GP + seasonal spline
2022-01-03T18:00:00Z,8.517008009949118e-4,harmonics + GP + seasonal spline
2022-01-03T20:00:00Z,3.724424053956449e-4,harmonics + GP + seasonal spline
2022-01-03T22:00:00Z,3.710144952120545e-5,harmonics + GP + seasonal spline
2022-01-04T00:00:00Z,1.4333702941212454e-5,harmonics + GP + seasonal spline
2022-01-04T02:00:00Z,1.0043942359040616e-4,harmonics + GP + seasonal spline
2022-01-04T04:00:00Z,1.5889442447805193e-5,harmonics + GP + seasonal spline
2022-01-04T06:00:00Z,5.954775141609243e-5,harmonics + GP + seasonal spline
2022-01-04T08:00:00Z,6.621509541967753e-6,harmonics + GP + seasonal spline
2022-01-04T10:00:00Z,2.3394219604284173e-5,harmonics + GP + seasonal spline
2022-01-04T12:00:00Z,4.065372024886848e-4,harmonics + GP + seasonal spline
2022-01-04T14:00:00Z,1.3499570461924186e-5,harmonics + GP + seasonal spline
2022-01-04T16:00:00Z,6.138523502736865e-4,harmonics + GP + seasonal spline
2022-01-04T18:00:00Z,0.004849665812099414,harmonics + GP + seasonal spline
2022-01-04T20:00:00Z,1.1407592653787407e-4,harmonics + GP + seasonal spline
2022-01-04T22:00:00Z,3.558898627491281e-5,harmonics + GP + seasonal spline
2022-01-05T00:00:00Z,1.7772037133990346e-5,harmonics + GP + seasonal spline
2022-01-05T02:00:00Z,3.4220138315234545e-5,harmonics + GP + seasonal spline
2022-01-05T04:00:00Z,3.6816730584504286e-5,harmonics + GP + seasonal spline
2022-01-05T06:00:00Z,2.2519848590166352e-4,harmonics + GP + seasonal spline
2022-01-05T08:00:00Z,4.807809864221803e-6,harmonics + GP + seasonal spline
2022-01-05T10:00:00Z,7.136426223429234e-5,harmonics + GP + seasonal spline
2022-01-05T12:00:00Z,0.0017519719953658322,harmonics + GP + seasonal spline
2022-01-05T14:00:00Z,6.981619424213727e-4,harmonics + GP + seasonal spline
2022-01-05T16:00:00Z,7.545784354223375e-5,harmonics + GP + seasonal spline
2022-01-05T18:00:00Z,5.504743171906697e-4,harmonics + GP + seasonal spline
2022-01-05T20:00:00Z,4.154938885077734e-4,harmonics + GP + seasonal spline
2022-01-05T22:00:00Z,2.3550034064952285e-5,harmonics + GP + seasonal spline
2022-01-06T00:00:00Z,5.260581014452106e-4,harmonics + GP + seasonal spline
2022-01-06T02:00:00Z,2.6645850616125737e-5,harmonics + GP + seasonal spline
2022-01-06T04:00:00Z,0.0014551064480148369,harmonics + GP + seasonal spline
2022-01-06T06:00:00Z,0.00041741215920440095,harmonics + GP + seasonal spline
2022-01-06T08:00:00Z,5.801963472686965e-4,harmonics + GP + seasonal spline
2022-01-06T10:00:00Z,1.8396442937934193e-4,harmonics + GP + seasonal spline
2022-01-06T12:00:00Z,2.4188820991889204e-5,harmonics + GP + seasonal spline
2022-01-06T14:00:00Z,6.478642063554326e-5,harmonics + GP + seasonal spline
2022-01-06T16:00:00Z,0.0012032051941963929,harmonics + GP + seasonal spline
2022-01-06T18:00:00Z,7.379549667700283e-4,harmonics + GP + seasonal spline
2022-01-06T20:00:00Z,4.9529638231483505e-5,harmonics + GP + seasonal spline
2022-01-06T22:00:00Z,0.0019101346166079617,harmonics + GP + seasonal spline
2022-01-07T00:00:00Z,8.96265124786482e-4,harmonics + GP + seasonal spline
2022-01-07T02:00:00Z,0.002570596276569757,harmonics + GP + seasonal spline
2022-01-07T04:00:00Z,9.145973975599333e-5,harmonics + GP + seasonal spline
2022-01-07T06:00:00Z,0.0017584042491489054,harmonics + GP + seasonal spline
2022-01-07T08:00:00Z,0.007794451500177129,harmonics + GP + seasonal spline
2022-01-07T10:00:00Z,1.3517645639367302e-4,harmonics + GP + seasonal spline
2022-01-07T12:00:00Z,0.0013488345611874489,harmonics + GP + seasonal spline
2022-01-07T14:00:00Z,0.0025771150196676655,harmonics + GP + seasonal spline
2022-01-07T16:00:00Z,2.3050702677421164e-5,harmonics + GP + seasonal spline
2022-01-07T18:00:00Z,0.0029668104840645556,harmonics + GP + seasonal spline
2022-01-07T20:00:00Z,0.0012819257546086585,harmonics + GP + seasonal spline
2022-01-07T22:00:00Z,8.272641868610448e-4,harmonics + GP + seasonal spline
2022-01-08T00:00:00Z,3.3738494565004165e-4,harmonics + GP + seasonal spline
2022-01-08T02:00:00Z,0.006125794773634172,harmonics + GP + seasonal spline
2022-01-08T04:00:00Z,1.4881579000905937e-4,harmonics + GP + seasonal spline
2022-01-08T06:00:00Z,2.3912602394510286e-4,harmonics + GP + seasonal spline
2022-01-08T08:00:00Z,6.997962178386736e-4,harmonics + GP + seasonal spline
2022-01-08T10:00:00Z,6.001104197071068e-4,harmonics + GP + seasonal spline
2022-01-08T12:00:00Z,7.616990513717097e-5,harmonics + GP + seasonal spline
2022-01-08T14:00:00Z,5.821102004683386e-4,harmonics + GP + seasonal spline
2022-01-08T16:00:00Z,2.9218863294732934e-4,harmonics + GP + seasonal spline
2022-01-08T18:00:00Z,6.429619154817426e-5,harmonics + GP + seasonal spline
2022-01-08T20:00:00Z,0.002457427329164023,harmonics + GP + seasonal spline
2022-01-08T22:00:00Z,0.0011213256662071425,harmonics + GP + seasonal spline
2022-01-09T00:00:00Z,6.281273741516446e-5,harmonics + GP + seasonal spline
2022-01-09T02:00:00Z,1.3240521334202223e-4,harmonics + GP + seasonal spline
2022-01-09T04:00:00Z,0.0025007656634175946,harmonics + GP + seasonal spline
2022-01-09T06:00:00Z,4.34330234246192e-5,harmonics + GP + seasonal spline
2022-01-09T08:00:00Z,1.6608442110385676e-5,harmonics + GP + seasonal spline
2022-01-09T10:00:00Z,0.0011792754570015347,harmonics + GP + seasonal spline
2022-01-09T12:00:00Z,8.865469361254561e-5,harmonics + GP + seasonal spline
2022-01-09T14:00:00Z,3.741072224678956e-5,harmonics + GP + seasonal spline
2022-01-09T16:00:00Z,3.1820625973332715e-4,harmonics + GP + seasonal spline
2022-01-09T18:00:00Z,1.0435629847136683e-4,harmonics + GP + seasonal spline
2022-01-09T20:00:00Z,0.004734605807907578,harmonics + GP + seasonal spline
2022-01-09T22:00:00Z,3.79788921626647e-4,harmonics + GP + seasonal spline
2022-01-10T00:00:00Z,4.367633686977994e-6,harmonics + GP + seasonal spline
2022-01-10T02:00:00Z,9.603347204156063e-5,harmonics + GP + seasonal spline
2022-01-10T04:00:00Z,4.684253074770698e-4,harmonics + GP + seasonal spline
2022-01-10T06:00:00Z,7.455835017408454e-6,harmonics + GP + seasonal spline
2022-01-10T08:00:00Z,0.0013313245266970875,harmonics + GP + seasonal spline
2022-01-10T10:00:00Z,4.3203684757920426e-4,harmonics + GP + seasonal spline
2022-01-10T12:00:00Z,1.2773205495097295e-4,harmonics + GP + seasonal spline
2022-01-10T14:00:00Z,1.054340904471938e-4,harmonics + GP + seasonal spline
2022-01-10T16:00:00Z,6.94996140446853e-4,harmonics + GP + seasonal spline
2022-01-10T18:00:00Z,8.967363613753583e-4,harmonics + GP + seasonal spline
2022-01-10T20:00:00Z,1.2529061185894723e-4,harmonics + GP + seasonal spline
2022-01-10T22:00:00Z,0.013687529918199411,harmonics + GP + seasonal spline
2022-01-11T00:00:00Z,0.0019435353626376987,harmonics + GP + seasonal spline
2022-01-11T02:00:00Z,9.509407942310383e-6,harmonics + GP + seasonal spline
2022-01-11T04:00:00Z,9.275763251052823e-5,harmonics + GP + seasonal spline
2022-01-11T06:00:00Z,0.005348704859910722,harmonics + GP + seasonal spline
2022-01-11T08:00:00Z,2.4939351126801186e-4,harmonics + GP + seasonal spline
2022-01-11T10:00:00Z,6.927699119671427e-5,harmonics + GP + seasonal spline
2022-01-11T12:00:00Z,3.6319021726073715e-6,harmonics + GP + seasonal spline
2022-01-11T14:00:00Z,1.4012391443024505e-5,harmonics + GP + seasonal spline
2022-01-11T16:00:00Z,1.978141750602126e-4,harmonics + GP + seasonal spline
2022-01-11T18:00:00Z,4.69371563303789e-5,harmonics + GP + seasonal spline
2022-01-11T20:00:00Z,6.482442775932305e-5,harmonics + GP + seasonal spline
2022-01-11T22:00:00Z,2.1492611517748595e-4,harmonics + GP + seasonal spline
2022-01-12T00:00:00Z,6.003214543437806e-4,harmonics + GP + seasonal spline
2022-01-12T02:00:00Z,6.632490359226757e-4,harmonics + GP + seasonal spline
2022-01-12T04:00:00Z,7.964538641594661e-4,harmonics + GP + seasonal spline
2022-01-12T06:00:00Z,8.519938513541641e-4,harmonics + GP + seasonal spline
2022-01-12T08:00:00Z,8.744805911828455e-5,harmonics + GP + seasonal spline
2022-01-12T10:00:00Z,1.2274982265312933e-5,harmonics + GP + seasonal spline
2022-01-12T12:00:00Z,1.0891540228711623e-4,harmonics + GP + seasonal spline
2022-01-12T14:00:00Z,0.0010971655795764864,harmonics + GP + seasonal spline
2022-01-12T16:00:00Z,2.3708949006067044e-4,harmonics + GP + seasonal spline
2022-01-12T18:00:00Z,3.6875355632195854e-4,harmonics + GP + seasonal spline
2022-01-12T20:00:00Z,0.0021765069800033917,harmonics + GP + seasonal spline
2022-01-12T22:00:00Z,8.422281592452866e-5,harmonics + GP + seasonal spline
2022-01-13T00:00:00Z,7.082430028577279e-6,harmonics + GP + seasonal spline
2022-01-13T02:00:00Z,0.002593177685826605,harmonics + GP + seasonal spline
2022-01-13T04:00:00Z,0.0012817678071467536,harmonics + GP + seasonal spline
2022-01-13T06:00:00Z,0.0014614426308242978,harmonics + GP + seasonal spline
2022-01-13T08:00:00Z,6.692643442429881e-4,harmonics + GP + seasonal spline
2022-01-13T10:00:00Z,0.011505217580737557,harmonics + GP + seasonal spline
2022-01-13T12:00:00Z,8.684076924479872e-5,harmonics + GP + seasonal spline
2022-01-13T14:00:00Z,0.001029227513326278,harmonics + GP + seasonal spline
2022-01-13T16:00:00Z,3.450022829705907e-4,harmonics + GP + seasonal spline
2022-01-13T18:00:00Z,0.0015685416825584877,harmonics + GP + seasonal spline
2022-01-13T20:00:00Z,0.011783746029870043,harmonics + GP + seasonal spline
2022-01-13T22:00:00Z,5.719979311539799e-4,harmonics + GP + seasonal spline
2022-01-14T00:00:00Z,2.3024939664318368e-4,harmonics + GP + seasonal spline
2022-01-14T02:00:00Z,0.03869100165034171,harmonics + GP + seasonal spline
2022-01-14T04:00:00Z,9.82673579199961e-4,harmonics + GP + seasonal spline
2022-01-14T06:00:00Z,1.8318640779252574e-4,harmonics + GP + seasonal spline
2022-01-14T08:00:00Z,0.0016358400926522508,harmonics + GP + seasonal spline
2022-01-14T10:00:00Z,2.4276893664868556e-4,harmonics + GP + seasonal spline
2022-01-14T12:00:00Z,0.0011149511889546116,harmonics + GP + seasonal spline
2022-01-14T14:00:00Z,0.0010933489246205237,harmonics + GP + seasonal spline
2022-01-14T16:00:00Z,6.968222739973622e-4,harmonics + GP + seasonal spline
2022-01-14T18:00:00Z,0.002634324195979291,harmonics + GP + seasonal spline
2022-01-14T20:00:00Z,0.015536987731013058,harmonics + GP + seasonal spline
2022-01-14T22:00:00Z,5.967886514766389e-6,harmonics + GP + seasonal spline
2022-01-15T00:00:00Z,8.292303372010885e-4,harmonics + GP + seasonal spline
2022-01-15T02:00:00Z,0.0072183488917318935,harmonics + GP + seasonal spline
2022-01-15T04:00:00Z,0.006974422837243003,harmonics + GP + seasonal spline
2022-01-15T06:00:00Z,0.022821179353895875,harmonics + GP + seasonal spline
2022-01-15T08:00:00Z,0.001485443675891253,harmonics + GP + seasonal spline
2022-01-15T10:00:00Z,0.0013896425762696418,harmonics + GP + seasonal spline
2022-01-15T12:00:00Z,5.939728530521497e-4,harmonics + GP + seasonal spline
2022-01-15T14:00:00Z,0.007335423697743378,harmonics + GP + seasonal spline
2022-01-15T16:00:00Z,6.041701870248868e-5,harmonics + GP + seasonal spline
2022-01-15T18:00:00Z,6.491366317071622e-5,harmonics + GP + seasonal spline
2022-01-15T20:00:00Z,1.456440655203933e-4,harmonics + GP + seasonal spline
2022-01-15T22:00:00Z,0.001510777423689377,harmonics + GP + seasonal spline
2022-01-16T00:00:00Z,0.002056326211312093,harmonics + GP + seasonal spline
2022-01-16T02:00:00Z,0.0013653191113989886,harmonics + GP + seasonal spline
2022-01-16T04:00:00Z,0.0031675660410651054,harmonics + GP + seasonal spline
2022-01-16T06:00:00Z,8.355236049053431e-4,harmonics + GP + seasonal spline
2022-01-16T08:00:00Z,0.001288137408783248,harmonics + GP + seasonal spline
2022-01-16T10:00:00Z,4.653881399405197e-4,harmonics + GP + seasonal spline
2022-01-16T12:00:00Z,0.003502264233612518,harmonics + GP + seasonal spline
2022-01-16T14:00:00Z,0.005466941914630557,harmonics + GP + seasonal spline
2022-01-16T16:00:00Z,8.84685998063363e-5,harmonics + GP + seasonal spline
2022-01-16T18:00:00Z,0.003003034294479106,harmonics + GP + seasonal spline
2022-01-16T20:00:00Z,0.01319850241073215,harmonics + GP + seasonal spline
2022-01-16T22:00:00Z,0.005656439402190454,harmonics + GP + seasonal spline
2022-01-17T00:00:00Z,9.420431852495686e-4,harmonics + GP + seasonal spline
2022-01-17T02:00:00Z,0.0021438551763265307,harmonics + GP + seasonal spline
2022-01-17T04:00:00Z,0.00419604098690259,harmonics + GP + seasonal spline
2022-01-17T06:00:00Z,3.722116078352282e-4,harmonics + GP + seasonal spline
2022-01-17T08:00:00Z,6.250404349787156e-4,harmonics + GP + seasonal spline
2022-01-17T10:00:00Z,4.936217261270039e-5,harmonics + GP + seasonal spline
2022-01-17T12:00:00Z,1.8609044948476584e-4,harmonics + GP + seasonal spline
2022-01-17T14:00:00Z,8.129159397261089e-4,harmonics + GP + seasonal spline
2022-01-17T16:00:00Z,0.0018212779176045993,harmonics + GP + seasonal spline
2022-01-17T18:00:00Z,0.008213892006997313,harmonics + GP + seasonal spline
2022-01-17T20:00:00Z,5.975930089582921e-4,harmonics + GP + seasonal spline
2022-01-17T22:00:00Z,2.0817580065226178e-4,harmonics + GP + seasonal spline
2022-01-18T00:00:00Z,0.001056008515805534,harmonics + GP + seasonal spline
2022-01-18T02:00:00Z,2.4938689565729e-4,harmonics + GP + seasonal spline
2022-01-18T04:00:00Z,3.216336547738241e-4,harmonics + GP + seasonal spline
2022-01-18T06:00:00Z,3.2070269458604246e-4,harmonics + GP + seasonal spline
2022-01-18T08:00:00Z,2.5771233000116787e-5,harmonics + GP + seasonal spline
2022-01-18T10:00:00Z,0.0013174767863446432,harmonics + GP + seasonal spline
2022-01-18T12:00:00Z,9.799336204998012e-4,harmonics + GP + seasonal spline
2022-01-18T14:00:00Z,0.0017087026229262242,harmonics + GP + seasonal spline
2022-01-18T16:00:00Z,9.281185068228631e-5,harmonics + GP + seasonal spline
2022-01-18T18:00:00Z,2.5607387386950508e-5,harmonics + GP + seasonal spline
2022-01-18T20:00:00Z,7.610358000404876e-5,harmonics + GP + seasonal spline
2022-01-18T22:00:00Z,6.253184693863261e-4,harmonics + GP + seasonal spline
2022-01-19T00:00:00Z,5.024990479526354e-4,harmonics + GP + seasonal spline
2022-01-19T02:00:00Z,2.127313381558125e-4,harmonics + GP + seasonal spline
2022-01-19T04:00:00Z,8.658456688969405e-4,harmonics + GP + seasonal spline
2022-01-19T06:00:00Z,8.167994540134343e-5,harmonics + GP + seasonal spline
2022-01-19T08:00:00Z,1.3011423099992884e-4,harmonics + GP + seasonal spline
2022-01-19T10:00:00Z,3.861996182318498e-5,harmonics + GP + seasonal spline
2022-01-19T12:00:00Z,2.491638585978117e-4,harmonics + GP + seasonal spline
2022-01-19T14:00:00Z,6.31411748992452e-5,harmonics + GP + seasonal spline
2022-01-19T16:00:00Z,0.002185909696960309,harmonics + GP + seasonal spline
2022-01-19T18:00:00Z,1.9062613822387934e-4,harmonics + GP + seasonal spline
2022-01-19T20:00:00Z,6.191258433862027e-5,harmonics + GP + seasonal spline
2022-01-19T22:00:00Z,1.1005878787560493e-5,harmonics + GP + seasonal spline
2022-01-20T00:00:00Z,1.1222483773881093e-4,harmonics + GP + seasonal spline
2022-01-20T02:00:00Z,1.758106163109852e-4,harmonics + GP + seasonal spline
2022-01-20T04:00:00Z,0.00460607208376532,harmonics + GP + seasonal spline
2022-01-20T06:00:00Z,4.5252535143025383e-4,harmonics + GP + seasonal spline
2022-01-20T08:00:00Z,2.1404576732895328e-4,harmonics + GP + seasonal spline
2022-01-20T10:00:00Z,0.005263056255419378,harmonics + GP + seasonal spline
2022-01-20T12:00:00Z,2.9141807099944614e-5,harmonics + GP + seasonal spline
2022-01-20T14:00:00Z,1.6952430463440334e-4,harmonics + GP + seasonal spline
2022-01-20T16:00:00Z,0.0017583284296402992,harmonics + GP + seasonal spline
2022-01-20T18:00:00Z,0.004031551849230534,harmonics + GP + seasonal spline
2022-01-20T20:00:00Z,0.013073469179465948,harmonics + GP + seasonal spline
2022-01-20T22:00:00Z,1.582029808733803e-5,harmonics + GP + seasonal spline
2022-01-21T00:00:00Z,3.214068894334246e-4,harmonics + GP + seasonal spline
2022-01-21T02:00:00Z,5.796556052173843e-4,harmonics + GP + seasonal spline
2022-01-21T04:00:00Z,0.004784377085827287,harmonics + GP + seasonal spline
2022-01-21T06:00:00Z,8.371308366844608e-5,harmonics + GP + seasonal spline
2022-01-21T08:00:00Z,0.002823241077140514,harmonics + GP + seasonal spline
2022-01-21T10:00:00Z,9.348108401057981e-4,harmonics + GP + seasonal spline
2022-01-21T12:00:00Z,6.388460676523024e-5,harmonics + GP + seasonal spline
2022-01-21T14:00:00Z,8.021532206439367e-4,harmonics + GP + seasonal spline
2022-01-21T16:00:00Z,0.00271629115925613,harmonics + GP + seasonal spline
2022-01-21T18:00:00Z,0.0027475571685965715,harmonics + GP + seasonal spline
2022-01-21T20:00:00Z,0.01674603047284047,harmonics + GP + seasonal spline
2022-01-21T22:00:00Z,2.9151694715616184e-4,harmonics + GP + seasonal spline
2022-01-22T00:00:00Z,1.993486452669499e-4,harmonics + GP + seasonal spline
2022-01-22T02:00:00Z,1.6300604547388746e-5,harmonics + GP + seasonal spline
2022-01-22T04:00:00Z,0.026517569778997274,harmonics + GP + seasonal spline
2022-01-22T06:00:00Z,0.0018019861806403904,harmonics + GP + seasonal spline
2022-01-22T08:00:00Z,0.007068377098127924,harmonics + GP + seasonal spline
2022-01-22T10:00:00Z,1.9464783468381383e-5,harmonics + GP + seasonal spline
2022-01-22T12:00:00Z,2.9406649537546954e-4,harmonics + GP + seasonal spline
2022-01-22T14:00:00Z,0.0015911524925476957,harmonics + GP + seasonal spline
2022-01-22T16:00:00Z,1.1733835632690884e-5,harmonics + GP + seasonal spline
2022-01-22T18:00:00Z,5.75739709832875e-4,harmonics + GP + seasonal spline
2022-01-22T20:00:00Z,1.9553981731292906e-4,harmonics + GP + seasonal spline
2022-01-22T22:00:00Z,0.0010984477704978006,harmonics + GP + seasonal spline
2022-01-23T00:00:00Z,1.6651628166259992e-4,harmonics + GP + seasonal spline
2022-01-23T02:00:00Z,0.00902094242860034,harmonics + GP + seasonal spline
2022-01-23T04:00:00Z,8.73211260417133e-5,harmonics + GP + seasonal spline
2022-01-23T06:00:00Z,6.011259568625316e-4,harmonics + GP + seasonal spline
2022-01-23T08:00:00Z,7.627072000205686e-5,harmonics + GP + seasonal spline
2022-01-23T10:00:00Z,9.878398922311563e-4,harmonics + GP + seasonal spline
2022-01-23T12:00:00Z,1.0220792869604123e-4,harmonics + GP + seasonal spline
2022-01-23T14:00:00Z,1.4306324088109654e-5,harmonics + GP + seasonal spline
2022-01-23T16:00:00Z,0.0016354022617059802,harmonics + GP + seasonal spline
2022-01-23T18:00:00Z,5.09443155414989e-4,harmonics + GP + seasonal spline
2022-01-23T20:00:00Z,7.65464976662354e-5,harmonics + GP + seasonal spline
2022-01-23T22:00:00Z,0.05988490297975099,harmonics + GP + seasonal spline
2022-01-24T00:00:00Z,1.1574552243245893e-5,harmonics + GP + seasonal spline
2022-01-24T02:00:00Z,2.0159976572037973e-5,harmonics + GP + seasonal spline
2022-01-24T04:00:00Z,9.549510701789317e-5,harmonics + GP + seasonal spline
2022-01-24T06:00:00Z,2.634585484655019e-5,harmonics + GP + seasonal spline
2022-01-24T08:00:00Z,5.467595737845884e-4,harmonics + GP + seasonal spline
2022-01-24T10:00:00Z,3.5560023755395277e-4,harmonics + GP + seasonal spline
2022-01-24T12:00:00Z,4.77397612553527e-6,harmonics + GP + seasonal spline
2022-01-24T14:00:00Z,1.6399203795957564e-5,harmonics + GP + seasonal spline
2022-01-24T16:00:00Z,3.8458164005365856e-4,harmonics + GP + seasonal spline
2022-01-24T18:00:00Z,5.941913908607482e-4,harmonics + GP + seasonal spline
2022-01-24T20:00:00Z,3.2481587757563884e-4,harmonics + GP + seasonal spline
2022-01-24T22:00:00Z,3.208923370374817e-4,harmonics + GP + seasonal spline
2022-01-25T00:00:00Z,3.539093902395856e-4,harmonics + GP + seasonal spline
2022-01-25T02:00:00Z,0.0010462748610845201,harmonics + GP + seasonal spline
2022-01-25T04:00:00Z,1.3561860330214365e-5,harmonics + GP + seasonal spline
2022-01-25T06:00:00Z,1.7346150667943354e-4,harmonics + GP + seasonal spline
2022-01-25T08:00:00Z,9.37446891077389e-5,harmonics + GP + seasonal spline
2022-01-25T10:00:00Z,3.588343901450129e-5,harmonics + GP + seasonal spline
2022-01-25T12:00:00Z,4.2369918979591535e-4,harmonics + GP + seasonal spline
2022-01-25T14:00:00Z,7.453811510875446e-5,harmonics + GP + seasonal spline
2022-01-25T16:00:00Z,8.066180611676151e-4,harmonics + GP + seasonal spline
2022-01-25T18:00:00Z,3.846254838079241e-5,harmonics + GP + seasonal spline
2022-01-25T20:00:00Z,1.8103990299328575e-4,harmonics + GP + seasonal spline
2022-01-25T22:00:00Z,4.12508314218118e-5,harmonics + GP + seasonal spline
2022-01-26T00:00:00Z,2.0282393995802746e-5,harmonics + GP + seasonal spline
2022-01-26T02:00:00Z,1.048440669530815e-5,harmonics + GP + seasonal spline
2022-01-26T04:00:00Z,2.13462407122165e-6,harmonics + GP + seasonal spline
2022-01-26T06:00:00Z,0.0038715490832495654,harmonics + GP + seasonal spline
2022-01-26T08:00:00Z,7.099060028168545e-5,harmonics + GP + seasonal spline
2022-01-26T10:00:00Z,3.416298299308394e-4,harmonics + GP + seasonal spline
2022-01-26T12:00:00Z,7.15701268918702e-7,harmonics + GP + seasonal spline
2022-01-26T14:00:00Z,3.627958513922994e-5,harmonics + GP + seasonal spline
2022-01-26T16:00:00Z,0.00623200608608013,harmonics + GP + seasonal spline
2022-01-26T18:00:00Z,5.130169779161111e-4,harmonics + GP + seasonal spline
2022-01-26T20:00:00Z,0.011184014138934403,harmonics + GP + seasonal spline
2022-01-26T22:00:00Z,0.10624031687914814,harmonics + GP + seasonal spline
2022-01-27T00:00:00Z,0.016705312713090486,harmonics + GP + seasonal spline
2022-01-27T02:00:00Z,0.0011501721080317388,harmonics + GP + seasonal spline
2022-01-27T04:00:00Z,4.0900394548863185e-4,harmonics + GP + seasonal spline
2022-01-27T06:00:00Z,2.456929541125542e-6,harmonics + GP + seasonal spline
2022-01-27T08:00:00Z,5.0925658318119884e-5,harmonics + GP + seasonal spline
2022-01-27T10:00:00Z,3.8106114625323946e-5,harmonics + GP + seasonal spline
2022-01-27T12:00:00Z,8.574007598216415e-6,harmonics + GP + seasonal spline
2022-01-27T14:00:00Z,9.623664765854502e-5,harmonics + GP + seasonal spline
2022-01-27T16:00:00Z,3.9717576481487906e-4,harmonics + GP + seasonal spline
2022-01-27T18:00:00Z,6.689234006225353e-5,harmonics + GP + seasonal spline
2022-01-27T20:00:00Z,2.1334060555154366e-4,harmonics + GP + seasonal spline
2022-01-27T22:00:00Z,0.0049530410167566395,harmonics + GP + seasonal spline
2022-01-28T00:00:00Z,6.901288813633752e-4,harmonics + GP + seasonal spline
2022-01-28T02:00:00Z,0.0014121343505232539,harmonics + GP + seasonal spline
2022-01-28T04:00:00Z,0.04143269072585212,harmonics + GP + seasonal spline
2022-01-28T06:00:00Z,0.025548445691272122,harmonics + GP + seasonal spline
2022-01-28T08:00:00Z,6.318742927919167e-4,harmonics + GP + seasonal spline
2022-01-28T10:00:00Z,4.021543962223538e-5,harmonics + GP + seasonal spline
2022-01-28T12:00:00Z,2.181934936804155e-4,harmonics + GP + seasonal spline
2022-01-28T14:00:00Z,1.6278452198967594e-5,harmonics + GP + seasonal spline
2022-01-28T16:00:00Z,0.005862551582180995,harmonics + GP + seasonal spline
2022-01-28T18:00:00Z,0.008347278530853706,harmonics + GP + seasonal spline
2022-01-28T20:00:00Z,0.003007173327822257,harmonics + GP + seasonal spline
2022-01-28T22:00:00Z,6.853412712311604e-4,harmonics + GP + seasonal spline
2022-01-29T00:00:00Z,0.023418595478950286,harmonics + GP + seasonal spline
2022-01-29T02:00:00Z,0.020445996483549295,harmonics + GP + seasonal spline
2022-01-29T04:00:00Z,0.0011371120281970194,harmonics + GP + seasonal spline
2022-01-29T06:00:00Z,0.019363272557959787,harmonics + GP + seasonal spline
2022-01-29T08:00:00Z,0.004825671450206871,harmonics + GP + seasonal spline
2022-01-29T10:00:00Z,0.0022262201865165376,harmonics + GP + seasonal spline
2022-01-29T12:00:00Z,0.0011884208471329666,harmonics + GP + seasonal spline
2022-01-29T14:00:00Z,0.0015055987697348994,harmonics + GP + seasonal spline
2022-01-29T16:00:00Z,1.6513692539459762e-5,harmonics + GP + seasonal spline
2022-01-29T18:00:00Z,2.0329823729387834e-4,harmonics + GP + seasonal spline
2022-01-29T20:00:00Z,4.0950842533304015e-5,harmonics + GP + seasonal spline
2022-01-29T22:00:00Z,0.006848058523957393,harmonics + GP + seasonal spline
2022-01-30T00:00:00Z,0.0023512159669710113,harmonics + GP + seasonal spline
2022-01-30T02:00:00Z,1.0484381531568276e-4,harmonics + GP + seasonal spline
2022-01-30T04:00:00Z,1.5044575449351983e-5,harmonics + GP + seasonal spline
2022-01-30T06:00:00Z,0.0014829729367615053,harmonics + GP + seasonal spline
2022-01-30T08:00:00Z,0.0014767502474866947,harmonics + GP + seasonal spline
2022-01-30T10:00:00Z,3.669308957859583e-4,harmonics + GP + seasonal spline
2022-01-30T12:00:00Z,6.248500334855822e-4,harmonics + GP + seasonal spline
2022-01-30T14:00:00Z,3.583171542994482e-4,harmonics + GP + seasonal spline
2022-01-30T16:00:00Z,4.890293904041716e-4,harmonics + GP + seasonal spline
2022-01-30T18:00:00Z,2.727780218057867e-4,harmonics + GP + seasonal spline
2022-01-30T20:00:00Z,0.014986230550550626,harmonics + GP + seasonal spline
2022-01-30T22:00:00Z,1.3369401118050686e-4,harmonics + GP + seasonal spline
2022-01-31T00:00:00Z,0.0011789683263941815,harmonics + GP + seasonal spline
2022-01-31T02:00:00Z,5.640571150559595e-5,harmonics + GP + seasonal spline
2022-01-31T04:00:00Z,7.836024068814554e-5,harmonics + GP + seasonal spline
2022-01-31T06:00:00Z,0.0019164971038290108,harmonics + GP + seasonal spline
2022-01-31T08:00:00Z,2.7916254723798042e-5,harmonics + GP + seasonal spline
2022-01-31T10:00:00Z,0.001446333512983954,harmonics + GP + seasonal spline
2022-01-31T12:00:00Z,0.04165174434277354,harmonics + GP + seasonal spline
2022-01-31T14:00:00Z,6.024857019774399e-5,harmonics + GP + seasonal spline
2022-01-31T16:00:00Z,0.006472941065148236,harmonics + GP + seasonal spline
2022-01-31T18:00:00Z,0.0020255604867978156,harmonics + GP + seasonal spline
2022-01-31T20:00:00Z,7.145724953571209e-4,harmonics + GP + seasonal spline
2022-01-31T22:00:00Z,2.9126162496145364e-4,harmonics + GP + seasonal spline
2022-02-01T00:00:00Z,0.0010993157087213147,harmonics + GP + seasonal spline
2022-02-01T02:00:00Z,4.173109324264909e-4,harmonics + GP + seasonal spline
2022-02-01T04:00:00Z,6.509238892115829e-5,harmonics + GP + seasonal spline
2022-02-01T06:00:00Z,3.660800702966224e-4,harmonics + GP + seasonal spline
2022-02-01T08:00:00Z,2.6621755101739617e-4,harmonics + GP + seasonal spline
2022-02-01T10:00:00Z,2.994145321887958e-4,harmonics + GP + seasonal spline
2022-02-01T12:00:00Z,2.1109951426105352e-4,harmonics + GP + seasonal spline
2022-02-01T14:00:00Z,7.208362043498503e-5,harmonics + GP + seasonal spline
2022-02-01T16:00:00Z,6.085351281570624e-4,harmonics + GP + seasonal spline
2022-02-01T18:00:00Z,5.7064956497464133e-5,harmonics + GP + seasonal spline
2022-02-01T20:00:00Z,5.227434866455086e-5,harmonics + GP + seasonal spline
2022-02-01T22:00:00Z,0.004185522510672804,harmonics + GP + seasonal spline
2022-02-02T00:00:00Z,6.91689394375123e-4,harmonics + GP + seasonal spline
2022-02-02T02:00:00Z,0.0015204769172469277,harmonics + GP + seasonal spline
2022-02-02T04:00:00Z,0.0010251894655275698,harmonics + GP + seasonal spline
2022-02-02T06:00:00Z,0.0037374248452057522,harmonics + GP + seasonal spline
2022-02-02T08:00:00Z,9.54129216066895e-5,harmonics + GP + seasonal spline
2022-02-02T10:00:00Z,0.002267397432136328,harmonics + GP + seasonal spline
2022-02-02T12:00:00Z,9.10649946148077e-4,harmonics + GP + seasonal spline
2022-02-02T14:00:00Z,1.1421721826470212e-4,harmonics + GP + seasonal spline
2022-02-02T16:00:00Z,0.00770547934574835,harmonics + GP + seasonal spline
2022-02-02T18:00:00Z,0.00190129883184594,harmonics + GP + seasonal spline
2022-02-02T20:00:00Z,0.014664467110732656,harmonics + GP + seasonal spline
2022-02-02T22:00:00Z,0.010490439694377865,harmonics + GP + seasonal spline
2022-02-03T00:00:00Z,0.001450328201366012,harmonics + GP + seasonal spline
2022-02-03T02:00:00Z,0.04451497126977137,harmonics + GP + seasonal spline
2022-02-03T04:00:00Z,0.0020825901827832925,harmonics + GP + seasonal spline
2022-02-03T06:00:00Z,1.929942911605393e-4,harmonics + GP + seasonal spline
2022-02-03T08:00:00Z,0.005067294829425629,harmonics + GP + seasonal spline
2022-02-03T10:00:00Z,0.007535022617967769,harmonics + GP + seasonal spline
2022-02-03T12:00:00Z,0.002527646087069011,harmonics + GP + seasonal spline
2022-02-03T14:00:00Z,0.01130195714816186,harmonics + GP + seasonal spline
2022-02-03T16:00:00Z,5.565879820518018e-4,harmonics + GP + seasonal spline
2022-02-03T18:00:00Z,0.0029557123475829243,harmonics + GP + seasonal spline
2022-02-03T20:00:00Z,0.01613371380430485,harmonics + GP + seasonal spline
2022-02-03T22:00:00Z,0.004855450674152521,harmonics + GP + seasonal spline
2022-02-04T00:00:00Z,6.219538995330164e-4,harmonics + GP + seasonal spline
2022-02-04T02:00:00Z,0.008763419476191116,harmonics + GP + seasonal spline
2022-02-04T04:00:00Z,0.003948021044050427,harmonics + GP + seasonal spline
2022-02-04T06:00:00Z,0.007015117493240565,harmonics + GP + seasonal spline
2022-02-04T08:00:00Z,0.001049140895297902,harmonics + GP + seasonal spline
2022-02-04T10:00:00Z,0.0011942078693913275,harmonics + GP + seasonal spline
2022-02-04T12:00:00Z,0.04056981711299166,harmonics + GP + seasonal spline
2022-02-04T14:00:00Z,7.264388026789771e-4,harmonics + GP + seasonal spline
2022-02-04T16:00:00Z,0.0017949588758741758,harmonics + GP + seasonal spline
2022-02-04T18:00:00Z,0.0073887775805002885,harmonics + GP + seasonal spline
2022-02-04T20:00:00Z,0.0016523420406399448,harmonics + GP + seasonal spline
2022-02-04T22:00:00Z,0.0017738916601282861,harmonics + GP + seasonal spline
2022-02-05T00:00:00Z,0.0015271166579573594,harmonics + GP + seasonal spline
2022-02-05T02:00:00Z,0.023189584596507665,harmonics + GP + seasonal spline
2022-02-05T04:00:00Z,7.458786345588843e-4,harmonics + GP + seasonal spline
2022-02-05T06:00:00Z,0.00708616732443396,harmonics + GP + seasonal spline
2022-02-05T08:00:00Z,0.02909577323736167,harmonics + GP + seasonal spline
2022-02-05T10:00:00Z,1.0733249429110047e-5,harmonics + GP + seasonal spline
2022-02-05T12:00:00Z,0.001123709086860566,harmonics + GP + seasonal spline
2022-02-05T14:00:00Z,0.018475985293936348,harmonics + GP + seasonal spline
2022-02-05T16:00:00Z,0.12329767726341671,harmonics + GP + seasonal spline
2022-02-05T18:00:00Z,7.528203426092753e-4,harmonics + GP + seasonal spline
2022-02-05T20:00:00Z,0.0012645809921660988,harmonics + GP + seasonal spline
2022-02-05T22:00:00Z,0.001313000370274766,harmonics + GP + seasonal spline
2022-02-06T00:00:00Z,5.662639237960944e-4,harmonics + GP + seasonal spline
2022-02-06T02:00:00Z,0.004498324380034216,harmonics + GP + seasonal spline
2022-02-06T04:00:00Z,0.006362522383083183,harmonics + GP + seasonal spline
2022-02-06T06:00:00Z,0.001261021327651369,harmonics + GP + seasonal spline
2022-02-06T08:00:00Z,0.0012612037995613106,harmonics + GP + seasonal spline
2022-02-06T10:00:00Z,6.440878851297763e-5,harmonics + GP + seasonal spline
2022-02-06T12:00:00Z,3.690410909697629e-5,harmonics + GP + seasonal spline
2022-02-06T14:00:00Z,2.214118616974593e-4,harmonics + GP + seasonal spline
2022-02-06T16:00:00Z,1.9917335083405695e-4,harmonics + GP + seasonal spline
2022-02-06T18:00:00Z,7.137724324344615e-4,harmonics + GP + seasonal spline
2022-02-06T20:00:00Z,1.6866227342738463e-4,harmonics + GP + seasonal spline
2022-02-06T22:00:00Z,6.866848010525979e-5,harmonics + GP + seasonal spline
2022-02-07T00:00:00Z,8.739504472794195e-4,harmonics + GP + seasonal spline
2022-02-07T02:00:00Z,5.452410854020549e-4,harmonics + GP + seasonal spline
2022-02-07T04:00:00Z,0.03534457044981623,harmonics + GP + seasonal spline
2022-02-07T06:00:00Z,0.0025030576394032655,harmonics + GP + seasonal spline
2022-02-07T08:00:00Z,2.9837443630483245e-4,harmonics + GP + seasonal spline
2022-02-07T10:00:00Z,2.9326856793775375e-4,harmonics + GP + seasonal spline
2022-02-07T12:00:00Z,0.0010956690685019507,harmonics + GP + seasonal spline
2022-02-07T14:00:00Z,0.00147048041684007,harmonics + GP + seasonal spline
2022-02-07T16:00:00Z,0.019778535087877865,harmonics + GP + seasonal spline
2022-02-07T18:00:00Z,0.009115792866673288,harmonics + GP + seasonal spline
2022-02-07T20:00:00Z,2.7755348179799174e-4,harmonics + GP + seasonal spline
2022-02-07T22:00:00Z,0.0049480560779679925,harmonics + GP + seasonal spline
2022-02-08T00:00:00Z,2.482797788955327e-4,harmonics + GP + seasonal spline
2022-02-08T02:00:00Z,5.614618403332511e-4,harmonics + GP + seasonal spline
2022-02-08T04:00:00Z,8.277502410158547e-4,harmonics + GP + seasonal spline
2022-02-08T06:00:00Z,2.9459200173044374e-4,harmonics + GP + seasonal spline
2022-02-08T08:00:00Z,0.0012453451264420922,harmonics + GP + seasonal spline
2022-02-08T10:00:00Z,0.00115389140422695,harmonics + GP + seasonal spline
2022-02-08T12:00:00Z,4.8189435903969125e-5,harmonics + GP + seasonal spline
2022-02-08T14:00:00Z,1.1088371112917776e-4,harmonics + GP + seasonal spline
2022-02-08T16:00:00Z,4.422876894678853e-6,harmonics + GP + seasonal spline
2022-02-08T18:00:00Z,0.0010983824958430124,harmonics + GP + seasonal spline
2022-02-08T20:00:00Z,0.002103463805519117,harmonics + GP + seasonal spline
2022-02-08T22:00:00Z,4.7269425228546624e-4,harmonics + GP + seasonal spline
2022-02-09T00:00:00Z,4.5818794497270274e-5,harmonics + GP + seasonal spline
2022-02-09T02:00:00Z,0.0028776339795473903,harmonics + GP + seasonal spline
2022-02-09T04:00:00Z,7.5805054808897286e-6,harmonics + GP + seasonal spline
2022-02-09T06:00:00Z,2.945410687505379e-4,harmonics + GP + seasonal spline
2022-02-09T08:00:00Z,6.062483025410241e-4,harmonics + GP + seasonal spline
2022-02-09T10:00:00Z,0.019542898576474402,harmonics + GP + seasonal spline
2022-02-09T12:00:00Z,0.0013615142829949717,harmonics + GP + seasonal spline
2022-02-09T14:00:00Z,5.639801715497483e-4,harmonics + GP + seasonal spline
2022-02-09T16:00:00Z,0.006300432145598767,harmonics + GP + seasonal spline
2022-02-09T18:00:00Z,4.8636575153509996e-5,harmonics + GP + seasonal spline
2022-02-09T20:00:00Z,0.0017005468448248952,harmonics + GP + seasonal spline
2022-02-09T22:00:00Z,5.755063833931591e-4,harmonics + GP + seasonal spline
2022-02-10T00:00:00Z,1.5076358013294718e-4,harmonics + GP + seasonal spline
2022-02-10T02:00:00Z,0.025525879115731728,harmonics + GP + seasonal spline
2022-02-10T04:00:00Z,1.046074165249229e-4,harmonics + GP + seasonal spline
2022-02-10T06:00:00Z,8.24491959802406e-6,harmonics + GP + seasonal spline
2022-02-10T08:00:00Z,3.098271266968603e-4,harmonics + GP + seasonal spline
2022-02-10T10:00:00Z,0.03852245827576605,harmonics + GP + seasonal spline
2022-02-10T12:00:00Z,0.0027752000758112824,harmonics + GP + seasonal spline
2022-02-10T14:00:00Z,4.4118834985419517e-4,harmonics + GP + seasonal spline
2022-02-10T16:00:00Z,0.0037759101809971517,harmonics + GP + seasonal spline
2022-02-10T18:00:00Z,8.287004602979045e-4,harmonics + GP + seasonal spline
2022-02-10T20:00:00Z,0.0013288751921219806,harmonics + GP + seasonal spline
2022-02-10T22:00:00Z,0.007259353208397462,harmonics + GP + seasonal spline
2022-02-11T00:00:00Z,0.020494678299013757,harmonics + GP + seasonal spline
2022-02-11T02:00:00Z,0.008260237408825479,harmonics + GP + seasonal spline
2022-02-11T04:00:00Z,3.490418563376486e-4,harmonics + GP + seasonal spline
2022-02-11T06:00:00Z,9.204057832414647e-4,harmonics + GP + seasonal spline
2022-02-11T08:00:00Z,4.462880494784641e-5,harmonics + GP + seasonal spline
2022-02-11T10:00:00Z,0.005388370620562186,harmonics + GP + seasonal spline
2022-02-11T12:00:00Z,0.11463696459400614,harmonics + GP + seasonal spline
2022-02-11T14:00:00Z,0.005322951609660757,harmonics + GP + seasonal spline
2022-02-11T16:00:00Z,0.0013964342521080655,harmonics + GP + seasonal spline
2022-02-11T18:00:00Z,0.07113522460018767,harmonics + GP + seasonal spline
2022-02-11T20:00:00Z,0.008253540067782558,harmonics + GP + seasonal spline
2022-02-11T22:00:00Z,0.06119936396112088,harmonics + GP + seasonal spline
2022-02-12T00:00:00Z,0.02826345506003265,harmonics + GP + seasonal spline
2022-02-12T02:00:00Z,2.062563750015494e-4,harmonics + GP + seasonal spline
2022-02-12T04:00:00Z,0.016638981572205155,harmonics + GP + seasonal spline
2022-02-12T06:00:00Z,0.033624628203366765,harmonics + GP + seasonal spline
2022-02-12T08:00:00Z,0.09070175277610938,harmonics + GP + seasonal spline
2022-02-12T10:00:00Z,0.014486311707039786,harmonics + GP + seasonal spline
2022-02-12T12:00:00Z,0.005422976382011168,harmonics + GP + seasonal spline
2022-02-12T14:00:00Z,1.5316433309475126e-4,harmonics + GP + seasonal spline
2022-02-12T16:00:00Z,0.016820953472565955,harmonics + GP + seasonal spline
2022-02-12T18:00:00Z,7.397622156650906e-4,harmonics + GP + seasonal spline
2022-02-12T20:00:00Z,0.006937230157876078,harmonics + GP + seasonal spline
2022-02-12T22:00:00Z,0.04682833419670916,harmonics + GP + seasonal spline
2022-02-13T00:00:00Z,1.3165103834617284,harmonics + GP + seasonal spline
2022-02-13T02:00:00Z,0.010502898249482386,harmonics + GP + seasonal spline
2022-02-13T04:00:00Z,2.539767523781672e-4,harmonics + GP + seasonal spline
2022-02-13T06:00:00Z,0.0047479910198245925,harmonics + GP + seasonal spline
2022-02-13T08:00:00Z,0.002827968948213421,harmonics + GP + seasonal spline
2022-02-13T10:00:00Z,0.0032563042835664965,harmonics + GP + seasonal spline
2022-02-13T12:00:00Z,3.9799344611596494e-4,harmonics + GP + seasonal spline
2022-02-13T14:00:00Z,5.007260928232946e-4,harmonics + GP + seasonal spline
2022-02-13T16:00:00Z,0.0052633823238311134,harmonics + GP + seasonal spline
2022-02-13T18:00:00Z,2.797845920880196e-4,harmonics + GP + seasonal spline
2022-02-13T20:00:00Z,0.002878529851607787,harmonics + GP + seasonal spline
2022-02-13T22:00:00Z,4.749344469447244e-4,harmonics + GP + seasonal spline
2022-02-14T00:00:00Z,0.026598465750701683,harmonics + GP + seasonal spline
2022-02-14T02:00:00Z,0.002168772181076094,harmonics + GP + seasonal spline
2022-02-14T04:00:00Z,0.029628776820195216,harmonics + GP + seasonal spline
2022-02-14T06:00:00Z,0.003626139287305162,harmonics + GP + seasonal spline
2022-02-14T08:00:00Z,0.008148172527428502,harmonics + GP + seasonal spline
2022-02-14T10:00:00Z,2.8299936361830157e-4,harmonics + GP + seasonal spline
2022-02-14T12:00:00Z,2.3634197861830463e-4,harmonics + GP + seasonal spline
2022-02-14T14:00:00Z,5.241594595485713e-5,harmonics + GP + seasonal spline
2022-02-14T16:00:00Z,0.02719701544868126,harmonics + GP + seasonal spline
2022-02-14T18:00:00Z,3.112235754265453e-4,harmonics + GP + seasonal spline
2022-02-14T20:00:00Z,4.751633086909892e-5,harmonics + GP + seasonal spline
2022-02-14T22:00:00Z,4.7447411507211233e-4,harmonics + GP + seasonal spline
2022-02-15T00:00:00Z,5.748702208467098e-5,harmonics + GP + seasonal spline
2022-02-15T02:00:00Z,2.659920543110455e-4,harmonics + GP + seasonal spline
2022-02-15T04:00:00Z,0.009798530026351556,harmonics + GP + seasonal spline
2022-02-15T06:00:00Z,0.0019514785683505578,harmonics + GP + seasonal spline
2022-02-15T08:00:00Z,0.0016878155673146727,harmonics + GP + seasonal spline
2022-02-15T10:00:00Z,0.0296058506341647,harmonics + GP + seasonal spline
2022-02-15T12:00:00Z,4.003948063930267e-4,harmonics + GP + seasonal spline
2022-02-15T14:00:00Z,1.0114695677430481e-4,harmonics + GP + seasonal spline
2022-02-15T16:00:00Z,5.480382184469973e-4,harmonics + GP + seasonal spline
2022-02-15T18:00:00Z,0.006135068424214854,harmonics + GP + seasonal spline
2022-02-15T20:00:00Z,0.019394994727382625,harmonics + GP + seasonal spline
2022-02-15T22:00:00Z,0.0042637423512067825,harmonics + GP + seasonal spline
2022-02-16T00:00:00Z,0.0011303645159997878,harmonics + GP + seasonal spline
2022-02-16T02:00:00Z,2.773592208588584e-4,harmonics + GP + seasonal spline
2022-02-16T04:00:00Z,2.4133686917035711e-4,harmonics + GP + seasonal spline
2022-02-16T06:00:00Z,0.0019277153733987284,harmonics + GP + seasonal spline
2022-02-16T08:00:00Z,0.013753496026460942,harmonics + GP + seasonal spline
2022-02-16T10:00:00Z,6.73870124272754e-4,harmonics + GP + seasonal spline
2022-02-16T12:00:00Z,0.004445515251469946,harmonics + GP + seasonal spline
2022-02-16T14:00:00Z,0.009930129307223493,harmonics + GP + seasonal spline
2022-02-16T16:00:00Z,1.7209909101820482e-4,harmonics + GP + seasonal spline
2022-02-16T18:00:00Z,3.3184739604144223e-4,harmonics + GP + seasonal spline
2022-02-16T20:00:00Z,0.003645486413852516,harmonics + GP + seasonal spline
2022-02-16T22:00:00Z,5.53613694222282e-4,harmonics + GP + seasonal spline
2022-02-17T00:00:00Z,6.38932111993269e-4,harmonics + GP + seasonal spline
2022-02-17T02:00:00Z,0.0010204585194605446,harmonics + GP + seasonal spline
2022-02-17T04:00:00Z,0.007950682199771903,harmonics + GP + seasonal spline
2022-02-17T06:00:00Z,4.093430767804104e-4,harmonics + GP + seasonal spline
2022-02-17T08:00:00Z,8.483693592860296e-5,harmonics + GP + seasonal spline
2022-02-17T10:00:00Z,0.0035902806447462047,harmonics + GP + seasonal spline
2022-02-17T12:00:00Z,0.00780053991325061,harmonics + GP + seasonal spline
2022-02-17T14:00:00Z,2.0255587424368286e-4,harmonics + GP + seasonal spline
2022-02-17T16:00:00Z,8.129072285716141e-4,harmonics + GP + seasonal spline
2022-02-17T18:00:00Z,0.009085413878171779,harmonics + GP + seasonal spline
2022-02-17T20:00:00Z,0.0012992034322303356,harmonics + GP + seasonal spline
2022-02-17T22:00:00Z,0.0014712300830156066,harmonics + GP + seasonal spline
2022-02-18T00:00:00Z,0.0065451566113029725,harmonics + GP + seasonal spline
2022-02-18T02:00:00Z,1.4863084019945972e-4,harmonics + GP + seasonal spline
2022-02-18T04:00:00Z,0.009688509560725174,harmonics + GP + seasonal spline
2022-02-18T06:00:00Z,0.012034156672156808,harmonics + GP + seasonal spline
2022-02-18T08:00:00Z,0.008942970581406652,harmonics + GP + seasonal spline
2022-02-18T10:00:00Z,0.0014317380949395403,harmonics + GP + seasonal spline
2022-02-18T12:00:00Z,0.0012544925664337374,harmonics + GP + seasonal spline
2022-02-18T14:00:00Z,0.0020729876905860134,harmonics + GP + seasonal spline
2022-02-18T16:00:00Z,0.0017498473373415298,harmonics + GP + seasonal spline
2022-02-18T18:00:00Z,0.002008711716960747,harmonics + GP + seasonal spline
2022-02-18T20:00:00Z,0.0019960977808787046,harmonics + GP + seasonal spline
2022-02-18T22:00:00Z,0.01290542859969648,harmonics + GP + seasonal spline
2022-02-19T00:00:00Z,0.013024544467578735,harmonics + GP + seasonal spline
2022-02-19T02:00:00Z,0.0010183450912927708,harmonics + GP + seasonal spline
2022-02-19T04:00:00Z,3.003348543983064e-4,harmonics + GP + seasonal spline
2022-02-19T06:00:00Z,0.0011318835958435249,harmonics + GP + seasonal spline
2022-02-19T08:00:00Z,0.0012516842997483376,harmonics + GP + seasonal spline
2022-02-19T10:00:00Z,0.00586133769061209,harmonics + GP + seasonal spline
2022-02-19T12:00:00Z,0.0019122401157774483,harmonics + GP + seasonal spline
2022-02-19T14:00:00Z,6.203186144389147e-5,harmonics + GP + seasonal spline
2022-02-19T16:00:00Z,0.005196161939291526,harmonics + GP + seasonal spline
2022-02-19T18:00:00Z,0.0074694501010140095,harmonics + GP + seasonal spline
2022-02-19T20:00:00Z,9.173837466277177e-4,harmonics + GP + seasonal spline
2022-02-19T22:00:00Z,0.002330938913367716,harmonics + GP + seasonal spline
2022-02-20T00:00:00Z,8.552752107543553e-4,harmonics + GP + seasonal spline
2022-02-20T02:00:00Z,2.2983829971988786e-4,harmonics + GP + seasonal spline
2022-02-20T04:00:00Z,2.782802065904029e-4,harmonics + GP + seasonal spline
2022-02-20T06:00:00Z,2.689657247481911e-4,harmonics + GP + seasonal spline
2022-02-20T08:00:00Z,4.8199725659631855e-5,harmonics + GP + seasonal spline
2022-02-20T10:00:00Z,2.0048071411707397e-5,harmonics + GP + seasonal spline
2022-02-20T12:00:00Z,8.196282633216804e-4,harmonics + GP + seasonal spline
2022-02-20T14:00:00Z,9.248853736077227e-5,harmonics + GP + seasonal spline
2022-02-20T16:00:00Z,8.866820509861132e-5,harmonics + GP + seasonal spline
2022-02-20T18:00:00Z,0.00103872403499325,harmonics + GP + seasonal spline
2022-02-20T20:00:00Z,4.2920251112620905e-6,harmonics + GP + seasonal spline
2022-02-20T22:00:00Z,0.00488135364840357,harmonics + GP + seasonal spline
2022-02-21T00:00:00Z,2.8625064673295126e-4,harmonics + GP + seasonal spline
2022-02-21T02:00:00Z,1.2554508874546697e-4,harmonics + GP + seasonal spline
2022-02-21T04:00:00Z,2.295290061789946e-5,harmonics + GP + seasonal spline
2022-02-21T06:00:00Z,6.829640533298798e-5,harmonics + GP + seasonal spline
2022-02-21T08:00:00Z,6.183438530571126e-4,harmonics + GP + seasonal spline
2022-02-21T10:00:00Z,6.839459309938869e-5,harmonics + GP + seasonal spline
2022-02-21T12:00:00Z,0.0026376573188957113,harmonics + GP + seasonal spline
2022-02-21T14:00:00Z,6.427576486045272e-4,harmonics + GP + seasonal spline
2022-02-21T16:00:00Z,0.0032268511874671882,harmonics + GP + seasonal spline
2022-02-21T18:00:00Z,2.682333309020445e-4,harmonics + GP + seasonal spline
2022-02-21T20:00:00Z,7.345993510979231e-6,harmonics + GP + seasonal spline
2022-02-21T22:00:00Z,2.0770016750359647e-5,harmonics + GP + seasonal spline
2022-02-22T00:00:00Z,4.631980035140451e-4,harmonics + GP + seasonal spline
2022-02-22T02:00:00Z,0.007176347385584802,harmonics + GP + seasonal spline
2022-02-22T04:00:00Z,0.0037709829720067446,harmonics + GP + seasonal spline
2022-02-22T06:00:00Z,8.643998962608054e-5,harmonics + GP + seasonal spline
2022-02-22T08:00:00Z,3.410207882854383e-5,harmonics + GP + seasonal spline
2022-02-22T10:00:00Z,1.4912224678370505e-5,harmonics + GP + seasonal spline
2022-02-22T12:00:00Z,2.245133806468843e-5,harmonics + GP + seasonal spline
2022-02-22T14:00:00Z,2.6344379494744254e-4,harmonics + GP + seasonal spline
2022-02-22T16:00:00Z,4.2254765079858874e-4,harmonics + GP + seasonal spline
2022-02-22T18:00:00Z,7.18861607222226e-4,harmonics + GP + seasonal spline
2022-02-22T20:00:00Z,0.4495346221506866,harmonics + GP + seasonal spline
2022-02-22T22:00:00Z,0.0027057265219229674,harmonics + GP + seasonal spline
2022-02-23T00:00:00Z,5.589876140245509e-5,harmonics + GP + seasonal spline
2022-02-23T02:00:00Z,2.5732891269137822e-5,harmonics + GP + seasonal spline
2022-02-23T04:00:00Z,2.129770871102932e-5,harmonics + GP + seasonal spline
2022-02-23T06:00:00Z,4.7231434127672025e-4,harmonics + GP + seasonal spline
2022-02-23T08:00:00Z,3.3288502614012196e-4,harmonics + GP + seasonal spline
2022-02-23T10:00:00Z,0.002576044515070237,harmonics + GP + seasonal spline
2022-02-23T12:00:00Z,0.003424212876172986,harmonics + GP + seasonal spline
2022-02-23T14:00:00Z,0.0048070829067352735,harmonics + GP + seasonal spline
2022-02-23T16:00:00Z,1.6782127286145697e-4,harmonics + GP + seasonal spline
2022-02-23T18:00:00Z,4.36522067134001e-4,harmonics + GP + seasonal spline
2022-02-23T20:00:00Z,0.011972876262001135,harmonics + GP + seasonal spline
2022-02-23T22:00:00Z,0.0016450199319435848,harmonics + GP + seasonal spline
2022-02-24T00:00:00Z,1.4477392483439045e-5,harmonics + GP + seasonal spline
2022-02-24T02:00:00Z,2.184577272297078e-4,harmonics + GP + seasonal spline
2022-02-24T04:00:00Z,0.016564046622865747,harmonics + GP + seasonal spline
2022-02-24T06:00:00Z,0.0015698796413551556,harmonics + GP + seasonal spline
2022-02-24T08:00:00Z,1.122951309710083e-4,harmonics + GP + seasonal spline
2022-02-24T10:00:00Z,9.911106615004648e-4,harmonics + GP + seasonal spline
2022-02-24T12:00:00Z,1.7193010859597533e-4,harmonics + GP + seasonal spline
2022-02-24T14:00:00Z,0.014596705277629627,harmonics + GP + seasonal spline
2022-02-24T16:00:00Z,6.058014434896986e-4,harmonics + GP + seasonal spline
2022-02-24T18:00:00Z,5.491122291690312e-4,harmonics + GP + seasonal spline
2022-02-24T20:00:00Z,2.6979442174556904e-4,harmonics + GP + seasonal spline
2022-02-24T22:00:00Z,4.821763097551331e-5,harmonics + GP + seasonal spline
2022-02-25T00:00:00Z,0.002119450173736279,harmonics + GP + seasonal spline
2022-02-25T02:00:00Z,0.006970230196604702,harmonics + GP + seasonal spline
2022-02-25T04:00:00Z,1.9888290416823742,harmonics + GP + seasonal spline
2022-02-25T06:00:00Z,0.0020178249646277116,harmonics + GP + seasonal spline
2022-02-25T08:00:00Z,8.988589427290854e-4,harmonics + GP + seasonal spline
2022-02-25T10:00:00Z,3.171205213440181e-4,harmonics + GP + seasonal spline
2022-02-25T12:00:00Z,0.0017266090984463043,harmonics + GP + seasonal spline
2022-02-25T14:00:00Z,3.2967886515703377e-4,harmonics + GP + seasonal spline
2022-02-25T16:00:00Z,9.595895298443193e-4,harmonics + GP + seasonal spline
2022-02-25T18:00:00Z,0.0010120427060704834,harmonics + GP + seasonal spline
2022-02-25T20:00:00Z,8.164674614700426e-4,harmonics + GP + seasonal spline
2022-02-25T22:00:00Z,0.0065271092363157306,harmonics + GP + seasonal spline
2022-02-26T00:00:00Z,2.7138284330539917e-4,harmonics + GP + seasonal spline
2022-02-26T02:00:00Z,6.058225277769455e-4,harmonics + GP + seasonal spline
2022-02-26T04:00:00Z,0.006926223177808131,harmonics + GP + seasonal spline
2022-02-26T06:00:00Z,0.01993992681337118,harmonics + GP + seasonal spline
2022-02-26T08:00:00Z,0.5199422956777114,harmonics + GP + seasonal spline
2022-02-26T10:00:00Z,0.0011966800843701188,harmonics + GP + seasonal spline
2022-02-26T12:00:00Z,0.00527724789738082,harmonics + GP + seasonal spline
2022-02-26T14:00:00Z,0.005230147870712746,harmonics + GP + seasonal spline
2022-02-26T16:00:00Z,0.019183818889881063,harmonics + GP + seasonal spline
2022-02-26T18:00:00Z,0.006648834161836803,harmonics + GP + seasonal spline
2022-02-26T20:00:00Z,0.0052904185224898065,harmonics + GP + seasonal spline
2022-02-26T22:00:00Z,0.002433859682088331,harmonics + GP + seasonal spline
2022-02-27T00:00:00Z,2.977870880643417e-4,harmonics + GP + seasonal spline
2022-02-27T02:00:00Z,0.014278318532749284,harmonics + GP + seasonal spline
2022-02-27T04:00:00Z,0.011321464812506647,harmonics + GP + seasonal spline
2022-02-27T06:00:00Z,0.003240205625978634,harmonics + GP + seasonal spline
2022-02-27T08:00:00Z,7.519155421546899e-4,harmonics + GP + seasonal spline
2022-02-27T10:00:00Z,0.6158612366292433,harmonics + GP + seasonal spline
2022-02-27T12:00:00Z,2.6090079174443764e-4,harmonics + GP + seasonal spline
2022-02-27T14:00:00Z,0.004695328428557556,harmonics + GP + seasonal spline
2022-02-27T16:00:00Z,0.012259500461156835,harmonics + GP + seasonal spline
2022-02-27T18:00:00Z,0.026906209006536196,harmonics + GP + seasonal spline
2022-02-27T20:00:00Z,0.0025992573295070313,harmonics + GP + seasonal spline
2022-02-27T22:00:00Z,0.0015302485324152244,harmonics + GP + seasonal spline
2022-02-28T00:00:00Z,0.0010648773897300907,harmonics + GP + seasonal spline
2022-02-28T02:00:00Z,5.98013206753909e-5,harmonics + GP + seasonal spline
2022-02-28T04:00:00Z,1.4864542266145012e-4,harmonics + GP + seasonal spline
2022-02-28T06:00:00Z,6.518992039858903e-4,harmonics + GP + seasonal spline
2022-02-28T08:00:00Z,8.54697353429441e-5,harmonics + GP + seasonal spline
2022-02-28T10:00:00Z,0.0022958485173404054,harmonics + GP + seasonal spline
2022-02-28T12:00:00Z,6.320261167948469e-5,harmonics + GP + seasonal spline
2022-02-28T14:00:00Z,9.91660137019502e-6,harmonics + GP + seasonal spline
2022-02-28T16:00:00Z,0.0018862481009920761,harmonics + GP + seasonal spline
2022-02-28T18:00:00Z,0.0012866206517064987,harmonics + GP + seasonal spline
2022-02-28T20:00:00Z,0.004989121198741817,harmonics + GP + seasonal spline
2022-02-28T22:00:00Z,0.002077528560362552,harmonics + GP + seasonal spline
2022-03-01T00:00:00Z,0.007977820600302716,harmonics + GP + seasonal spline
2022-03-01T02:00:00Z,0.0041616094122651475,harmonics + GP + seasonal spline
2022-03-01T04:00:00Z,3.6196165888549754e-4,harmonics + GP + seasonal spline
2022-03-01T06:00:00Z,0.0022631779166851326,harmonics + GP + seasonal spline
2022-03-01T08:00:00Z,0.004612775441918519,harmonics + GP + seasonal spline
2022-03-01T10:00:00Z,8.133269167255731e-4,harmonics + GP + seasonal spline
2022-03-01T12:00:00Z,2.848887538251679e-4,harmonics + GP + seasonal spline
2022-03-01T14:00:00Z,8.622770402803986e-4,harmonics + GP + seasonal spline
2022-03-01T16:00:00Z,1.0479144539441226e-5,harmonics + GP + seasonal spline
2022-03-01T18:00:00Z,0.5737708986632949,harmonics + GP + seasonal spline
2022-03-01T20:00:00Z,0.012801678451329497,harmonics + GP + seasonal spline
2022-03-01T22:00:00Z,0.0013971770759779335,harmonics + GP + seasonal spline
2022-03-02T00:00:00Z,0.004235591265190761,harmonics + GP + seasonal spline
2022-03-02T02:00:00Z,0.011022774019301653,harmonics + GP + seasonal spline
2022-03-02T04:00:00Z,2.706316604926833e-4,harmonics + GP + seasonal spline
2022-03-02T06:00:00Z,2.3302840632870818e-4,harmonics + GP + seasonal spline
2022-03-02T08:00:00Z,2.165900175767355e-4,harmonics + GP + seasonal spline
2022-03-02T10:00:00Z,2.2592783850358614e-5,harmonics + GP + seasonal spline
2022-03-02T12:00:00Z,4.5942543076154124e-5,harmonics + GP + seasonal spline
2022-03-02T14:00:00Z,8.743726716323125e-4,harmonics + GP + seasonal spline
2022-03-02T16:00:00Z,0.0035477118863964066,harmonics + GP + seasonal spline
2022-03-02T18:00:00Z,2.2010253607441187e-5,harmonics + GP + seasonal spline
2022-03-02T20:00:00Z,9.825259418513377e-4,harmonics + GP + seasonal spline
2022-03-02T22:00:00Z,0.5772344514263069,harmonics + GP + seasonal spline
2022-03-03T00:00:00Z,0.0046574044402293785,harmonics + GP + seasonal spline
2022-03-03T02:00:00Z,6.013918718488746e-4,harmonics + GP + seasonal spline
2022-03-03T04:00:00Z,0.0038664397751959415,harmonics + GP + seasonal spline
2022-03-03T06:00:00Z,1.7882551998146356e-4,harmonics + GP + seasonal spline
2022-03-03T08:00:00Z,7.551064431269732e-4,harmonics + GP + seasonal spline
2022-03-03T10:00:00Z,4.1020307700403714e-5,harmonics + GP + seasonal spline
2022-03-03T12:00:00Z,0.0135401069555936,harmonics + GP + seasonal spline
2022-03-03T14:00:00Z,0.0031436985266266614,harmonics + GP + seasonal spline
2022-03-03T16:00:00Z,0.02429607712458347,harmonics + GP + seasonal spline
2022-03-03T18:00:00Z,0.0014836515949708193,harmonics + GP + seasonal spline
2022-03-03T20:00:00Z,0.0058648468390189185,harmonics + GP + seasonal spline
2022-03-03T22:00:00Z,0.001441225073899649,harmonics + GP + seasonal spline
2022-03-04T00:00:00Z,0.0013077319926537794,harmonics + GP + seasonal spline
2022-03-04T02:00:00Z,1.0635803468057177,harmonics + GP + seasonal spline
2022-03-04T04:00:00Z,0.017156423292990865,harmonics + GP + seasonal spline
2022-03-04T06:00:00Z,0.006310709823086598,harmonics + GP + seasonal spline
2022-03-04T08:00:00Z,0.006294087335859965,harmonics + GP + seasonal spline
2022-03-04T10:00:00Z,0.003362958261981454,harmonics + GP + seasonal spline
2022-03-04T12:00:00Z,0.0012957362695894784,harmonics + GP + seasonal spline
2022-03-04T14:00:00Z,3.3196115161540803e-4,harmonics + GP + seasonal spline
2022-03-04T16:00:00Z,0.04865508722038901,harmonics + GP + seasonal spline
2022-03-04T18:00:00Z,6.298663573525492e-5,harmonics + GP + seasonal spline
2022-03-04T20:00:00Z,3.979821271056876e-5,harmonics + GP + seasonal spline
2022-03-04T22:00:00Z,0.0034209410932713484,harmonics + GP + seasonal spline
2022-03-05T00:00:00Z,0.0010407058926921382,harmonics + GP + seasonal spline
2022-03-05T02:00:00Z,0.0010366594926362934,harmonics + GP + seasonal spline
2022-03-05T04:00:00Z,0.0015976076433007638,harmonics + GP + seasonal spline
2022-03-05T06:00:00Z,0.6963189317951768,harmonics + GP + seasonal spline
2022-03-05T08:00:00Z,0.007519894148892144,harmonics + GP + seasonal spline
2022-03-05T10:00:00Z,0.005206243560583459,harmonics + GP + seasonal spline
2022-03-05T12:00:00Z,0.0015298429458055073,harmonics + GP + seasonal spline
2022-03-05T14:00:00Z,1.3138669585651002e-4,harmonics + GP + seasonal spline
2022-03-05T16:00:00Z,0.0035411045268124966,harmonics + GP + seasonal spline
2022-03-05T18:00:00Z,0.008425775781973417,harmonics + GP + seasonal spline
2022-03-05T20:00:00Z,0.0023761526801700707,harmonics + GP + seasonal spline
2022-03-05T22:00:00Z,0.001579897448201059,harmonics + GP + seasonal spline
2022-03-06T00:00:00Z,0.0013302205496889823,harmonics + GP + seasonal spline
2022-03-06T02:00:00Z,4.4008768397946446e-4,harmonics + GP + seasonal spline
2022-03-06T04:00:00Z,0.0010477587650974925,harmonics + GP + seasonal spline
2022-03-06T06:00:00Z,0.01540250783320987,harmonics + GP + seasonal spline
2022-03-06T08:00:00Z,0.0012209446499992125,harmonics + GP + seasonal spline
2022-03-06T10:00:00Z,0.00514234624472422,harmonics + GP + seasonal spline
2022-03-06T12:00:00Z,0.002103167987986706,harmonics + GP + seasonal spline
2022-03-06T14:00:00Z,4.55608534320268e-4,harmonics + GP + seasonal spline
2022-03-06T16:00:00Z,7.094942937443423e-4,harmonics + GP + seasonal spline
2022-03-06T18:00:00Z,0.0028700958390663503,harmonics + GP + seasonal spline
2022-03-06T20:00:00Z,0.0021226434058317814,harmonics + GP + seasonal spline
2022-03-06T22:00:00Z,0.003294610926881986,harmonics + GP + seasonal spline
2022-03-07T00:00:00Z,3.9621047774883076e-4,harmonics + GP + seasonal spline
2022-03-07T02:00:00Z,9.982670089249445e-4,harmonics + GP + seasonal spline
2022-03-07T04:00:00Z,0.001154287211509305,harmonics + GP + seasonal spline
2022-03-07T06:00:00Z,0.0017552945010632654,harmonics + GP + seasonal spline
2022-03-07T08:00:00Z,3.4137464525794514e-4,harmonics + GP + seasonal spline
2022-03-07T10:00:00Z,9.646801827122495e-4,harmonics + GP + seasonal spline
2022-03-07T12:00:00Z,1.4334221692681332e-4,harmonics + GP + seasonal spline
2022-03-07T14:00:00Z,0.03410652683246159,harmonics + GP + seasonal spline
2022-03-07T16:00:00Z,1.6540535661194755e-4,harmonics + GP + seasonal spline
2022-03-07T18:00:00Z,0.009241231960147216,harmonics + GP + seasonal spline
2022-03-07T20:00:00Z,0.006011481913410338,harmonics + GP + seasonal spline
2022-03-07T22:00:00Z,4.7998117123370895e-5,harmonics + GP + seasonal spline
2022-03-08T00:00:00Z,2.3046528473364474e-4,harmonics + GP + seasonal spline
2022-03-08T02:00:00Z,2.9872540168318775e-4,harmonics + GP + seasonal spline
2022-03-08T04:00:00Z,2.2632414518384284e-4,harmonics + GP + seasonal spline
2022-03-08T06:00:00Z,3.431133057813122e-4,harmonics + GP + seasonal spline
2022-03-08T08:00:00Z,8.440525048341577e-4,harmonics + GP + seasonal spline
2022-03-08T10:00:00Z,7.683484404298675e-4,harmonics + GP + seasonal spline
2022-03-08T12:00:00Z,1.1706825229027298e-4,harmonics + GP + seasonal spline
2022-03-08T14:00:00Z,0.00182620656443992,harmonics + GP + seasonal spline
2022-03-08T16:00:00Z,0.002164141461628921,harmonics + GP + seasonal spline
2022-03-08T18:00:00Z,4.258807069847878e-6,harmonics + GP + seasonal spline
2022-03-08T20:00:00Z,3.033126337099957e-5,harmonics + GP + seasonal spline
2022-03-08T22:00:00Z,6.736620150274706e-5,harmonics + GP + seasonal spline
2022-03-09T00:00:00Z,3.5749395819489134e-4,harmonics + GP + seasonal spline
2022-03-09T02:00:00Z,5.609253320186775e-4,harmonics + GP + seasonal spline
2022-03-09T04:00:00Z,0.0017851824673508,harmonics + GP + seasonal spline
2022-03-09T06:00:00Z,1.1331193385315723e-5,harmonics + GP + seasonal spline
2022-03-09T08:00:00Z,4.206055162721748e-5,harmonics + GP + seasonal spline
2022-03-09T10:00:00Z,0.001781407676369426,harmonics + GP + seasonal spline
2022-03-09T12:00:00Z,0.0010169959838449267,harmonics + GP + seasonal spline
2022-03-09T14:00:00Z,6.805790678356551e-4,harmonics + GP + seasonal spline
2022-03-09T16:00:00Z,4.490325591889164e-4,harmonics + GP + seasonal spline
2022-03-09T18:00:00Z,0.005508983458434056,harmonics + GP + seasonal spline
2022-03-09T20:00:00Z,0.004263561736684774,harmonics + GP + seasonal spline
2022-03-09T22:00:00Z,0.0011168006164817216,harmonics + GP + seasonal spline
2022-03-10T00:00:00Z,0.0030531552489488465,harmonics + GP + seasonal spline
2022-03-10T02:00:00Z,0.0033624346130002596,harmonics + GP + seasonal spline
2022-03-10T04:00:00Z,0.0011223440714980299,harmonics + GP + seasonal spline
2022-03-10T06:00:00Z,4.071109037747045e-4,harmonics + GP + seasonal spline
2022-03-10T08:00:00Z,0.002758700349469118,harmonics + GP + seasonal spline
2022-03-10T10:00:00Z,0.002389270105191805,harmonics + GP + seasonal spline
2022-03-10T12:00:00Z,5.7214156814311724e-5,harmonics + GP + seasonal spline
2022-03-10T14:00:00Z,0.006048052727277808,harmonics + GP + seasonal spline
2022-03-10T16:00:00Z,0.014956180642483394,harmonics + GP + seasonal spline
2022-03-10T18:00:00Z,5.912138199618451e-4,harmonics + GP + seasonal spline
2022-03-10T20:00:00Z,0.0029334419336954826,harmonics + GP + seasonal spline
2022-03-10T22:00:00Z,0.0018744958485921797,harmonics + GP + seasonal spline
2022-03-11T00:00:00Z,1.058986975864929,harmonics + GP + seasonal spline
2022-03-11T02:00:00Z,2.0045694829929427e-4,harmonics + GP + seasonal spline
2022-03-11T04:00:00Z,2.0681427893799438e-4,harmonics + GP + seasonal spline
2022-03-11T06:00:00Z,0.016730810507755385,harmonics + GP + seasonal spline
2022-03-11T08:00:00Z,1.4361255765620983e-4,harmonics + GP + seasonal spline
2022-03-11T10:00:00Z,1.4725898260160774e-4,harmonics + GP + seasonal spline
2022-03-11T12:00:00Z,0.008638772282840232,harmonics + GP + seasonal spline
2022-03-11T14:00:00Z,0.005392352696614118,harmonics + GP + seasonal spline
2022-03-11T16:00:00Z,0.0073452207959462815,harmonics + GP + seasonal spline
2022-03-11T18:00:00Z,0.007554982689627209,harmonics + GP + seasonal spline
2022-03-11T20:00:00Z,0.003452296029202588,harmonics + GP + seasonal spline
2022-03-11T22:00:00Z,7.117566513749556e-4,harmonics + GP + seasonal spline
2022-03-12T00:00:00Z,0.007210887655981943,harmonics + GP + seasonal spline
2022-03-12T02:00:00Z,0.0028297577190776746,harmonics + GP + seasonal spline
2022-03-12T04:00:00Z,0.0017633238062584743,harmonics + GP + seasonal spline
2022-03-12T06:00:00Z,0.029298802021390537,harmonics + GP + seasonal spline
2022-03-12T08:00:00Z,0.009100716645090705,harmonics + GP + seasonal spline
2022-03-12T10:00:00Z,8.003508072224404e-4,harmonics + GP + seasonal spline
2022-03-12T12:00:00Z,7.356737277195608e-5,harmonics + GP + seasonal spline
2022-03-12T14:00:00Z,0.022503943093403558,harmonics + GP + seasonal spline
2022-03-12T16:00:00Z,0.00543150378877213,harmonics + GP + seasonal spline
2022-03-12T18:00:00Z,0.021732765033306685,harmonics + GP + seasonal spline
2022-03-12T20:00:00Z,0.002111099769902949,harmonics + GP + seasonal spline
2022-03-12T22:00:00Z,4.061160013245211e-4,harmonics + GP + seasonal spline
2022-03-13T00:00:00Z,0.0038189762885032356,harmonics + GP + seasonal spline
2022-03-13T02:00:00Z,0.008297891091529815,harmonics + GP + seasonal spline
2022-03-13T04:00:00Z,7.282810302806659e-4,harmonics + GP + seasonal spline
2022-03-13T06:00:00Z,3.874514423552494e-4,harmonics + GP + seasonal spline
2022-03-13T08:00:00Z,0.020674083274231304,harmonics + GP + seasonal spline
2022-03-13T10:00:00Z,0.0030042856148601842,harmonics + GP + seasonal spline
2022-03-13T12:00:00Z,3.856823325734179e-4,harmonics + GP + seasonal spline
2022-03-13T14:00:00Z,1.7372516105196198e-4,harmonics + GP + seasonal spline
2022-03-13T16:00:00Z,2.8992405444969947e-4,harmonics + GP + seasonal spline
2022-03-13T18:00:00Z,0.002937558679194877,harmonics + GP + seasonal spline
2022-03-13T20:00:00Z,0.002299795910089968,harmonics + GP + seasonal spline
2022-03-13T22:00:00Z,0.0010268854998867257,harmonics + GP + seasonal spline
2022-03-14T00:00:00Z,0.010756473366875111,harmonics + GP + seasonal spline
2022-03-14T02:00:00Z,0.006560075568272671,harmonics + GP + seasonal spline
2022-03-14T04:00:00Z,0.0040008187237804286,harmonics + GP + seasonal spline
2022-03-14T06:00:00Z,3.7690327938995736e-5,harmonics + GP + seasonal spline
2022-03-14T08:00:00Z,3.655031615676826e-4,harmonics + GP + seasonal spline
2022-03-14T10:00:00Z,6.160983057703467e-4,harmonics + GP + seasonal spline
2022-03-14T12:00:00Z,1.3091284259361552e-5,harmonics + GP + seasonal spline
2022-03-14T14:00:00Z,0.0017403419108832836,harmonics + GP + seasonal spline
2022-03-14T16:00:00Z,0.002333002219013201,harmonics + GP + seasonal spline
2022-03-14T18:00:00Z,4.3031365789456195e-4,harmonics + GP + seasonal spline
2022-03-14T20:00:00Z,0.0014648549185185794,harmonics + GP + seasonal spline
2022-03-14T22:00:00Z,0.001191876397856923,harmonics + GP + seasonal spline
2022-03-15T00:00:00Z,0.001793450137421102,harmonics + GP + seasonal spline
2022-03-15T02:00:00Z,5.7680208698580895e-5,harmonics + GP + seasonal spline
2022-03-15T04:00:00Z,0.014136403533223605,harmonics + GP + seasonal spline
2022-03-15T06:00:00Z,0.002390502652954029,harmonics + GP + seasonal spline
2022-03-15T08:00:00Z,1.2979304584564708e-4,harmonics + GP + seasonal spline
2022-03-15T10:00:00Z,0.010049192329585692,harmonics + GP + seasonal spline
2022-03-15T12:00:00Z,3.463123139133887e-4,harmonics + GP + seasonal spline
2022-03-15T14:00:00Z,0.0022511982479932434,harmonics + GP + seasonal spline
2022-03-15T16:00:00Z,1.337466734868054,harmonics + GP + seasonal spline
2022-03-15T18:00:00Z,0.01303570584428825,harmonics + GP + seasonal spline
2022-03-15T20:00:00Z,0.006197062920251293,harmonics + GP + seasonal spline
2022-03-15T22:00:00Z,0.00182294725238183,harmonics + GP + seasonal spline
2022-03-16T00:00:00Z,1.3565920673730224e-4,harmonics + GP + seasonal spline
2022-03-16T02:00:00Z,3.862111723667945e-4,harmonics + GP + seasonal spline
2022-03-16T04:00:00Z,0.0013811368333719266,harmonics + GP + seasonal spline
2022-03-16T06:00:00Z,0.00685076073155871,harmonics + GP + seasonal spline
2022-03-16T08:00:00Z,1.5792365810160975e-4,harmonics + GP + seasonal spline
2022-03-16T10:00:00Z,1.713725171594885e-4,harmonics + GP + seasonal spline
2022-03-16T12:00:00Z,0.0026436745330695355,harmonics + GP + seasonal spline
2022-03-16T14:00:00Z,1.290136978032327e-4,harmonics + GP + seasonal spline
2022-03-16T16:00:00Z,4.7189781588391526e-4,harmonics + GP + seasonal spline
2022-03-16T18:00:00Z,8.782219918289558e-4,harmonics + GP + seasonal spline
2022-03-16T20:00:00Z,3.4565032907222135,harmonics + GP + seasonal spline
2022-03-16T22:00:00Z,0.02279897217395132,harmonics + GP + seasonal spline
2022-03-17T00:00:00Z,0.004787711703248946,harmonics + GP + seasonal spline
2022-03-17T02:00:00Z,6.120589076331694e-4,harmonics + GP + seasonal spline
2022-03-17T04:00:00Z,8.839575605232897e-4,harmonics + GP + seasonal spline
2022-03-17T06:00:00Z,4.8102961394898925e-4,harmonics + GP + seasonal spline
2022-03-17T08:00:00Z,0.00182443193908081,harmonics + GP + seasonal spline
2022-03-17T10:00:00Z,2.196611867700606e-4,harmonics + GP + seasonal spline
2022-03-17T12:00:00Z,0.0024288027355335987,harmonics + GP + seasonal spline
2022-03-17T14:00:00Z,0.0028717833729995737,harmonics + GP + seasonal spline
2022-03-17T16:00:00Z,4.556650211737384e-5,harmonics + GP + seasonal spline
2022-03-17T18:00:00Z,9.674767601727056e-5,harmonics + GP + seasonal spline
2022-03-17T20:00:00Z,2.0457989787613017e-4,harmonics + GP + seasonal spline
2022-03-17T22:00:00Z,4.155796768063898e-4,harmonics + GP + seasonal spline
2022-03-18T00:00:00Z,0.019062628451523327,harmonics + GP + seasonal spline
2022-03-18T02:00:00Z,0.002127654901755695,harmonics + GP + seasonal spline
2022-03-18T04:00:00Z,1.3243165769920607e-4,harmonics + GP + seasonal spline
2022-03-18T06:00:00Z,5.7055024663309455e-5,harmonics + GP + seasonal spline
2022-03-18T08:00:00Z,2.2053904585482846e-4,harmonics + GP + seasonal spline
2022-03-18T10:00:00Z,0.01615307260348841,harmonics + GP + seasonal spline
2022-03-18T12:00:00Z,6.596851806229012e-4,harmonics + GP + seasonal spline
2022-03-18T14:00:00Z,0.016321098472812143,harmonics + GP + seasonal spline
2022-03-18T16:00:00Z,0.0127509211419567,harmonics + GP + seasonal spline
2022-03-18T18:00:00Z,2.4727731531109403e-4,harmonics + GP + seasonal spline
2022-03-18T20:00:00Z,0.026964192766097,harmonics + GP + seasonal spline
2022-03-18T22:00:00Z,6.640806167809249e-4,harmonics + GP + seasonal spline
2022-03-19T00:00:00Z,0.006228877646925923,harmonics + GP + seasonal spline
2022-03-19T02:00:00Z,0.2974186561436978,harmonics + GP + seasonal spline
2022-03-19T04:00:00Z,0.1774151477552935,harmonics + GP + seasonal spline
2022-03-19T06:00:00Z,0.017322804013151543,harmonics + GP + seasonal spline
2022-03-19T08:00:00Z,0.0012049955407438273,harmonics + GP + seasonal spline
2022-03-19T10:00:00Z,0.003579809570475265,harmonics + GP + seasonal spline
2022-03-19T12:00:00Z,0.007050173375343639,harmonics + GP + seasonal spline
2022-03-19T14:00:00Z,9.832728802992442e-4,harmonics + GP + seasonal spline
2022-03-19T16:00:00Z,1.4147618823273018e-4,harmonics + GP + seasonal spline
2022-03-19T18:00:00Z,0.0013552283340050807,harmonics + GP + seasonal spline
2022-03-19T20:00:00Z,5.081177027887792e-4,harmonics + GP + seasonal spline
2022-03-19T22:00:00Z,0.0027105782920941817,harmonics + GP + seasonal spline
2022-03-20T00:00:00Z,6.286143536981011e-4,harmonics + GP + seasonal spline
2022-03-20T02:00:00Z,0.058605412069383696,harmonics + GP + seasonal spline
2022-03-20T04:00:00Z,0.0010295636155012384,harmonics + GP + seasonal spline
2022-03-20T06:00:00Z,2.2205034675145958e-4,harmonics + GP + seasonal spline
2022-03-20T08:00:00Z,2.101903885880841e-4,harmonics + GP + seasonal spline
2022-03-20T10:00:00Z,5.816626732234601e-4,harmonics + GP + seasonal spline
2022-03-20T12:00:00Z,5.362450346439653e-4,harmonics + GP + seasonal spline
2022-03-20T14:00:00Z,6.940695614804686e-4,harmonics + GP + seasonal spline
2022-03-20T16:00:00Z,0.011703052571387632,harmonics + GP + seasonal spline
2022-03-20T18:00:00Z,0.00312335976174928,harmonics + GP + seasonal spline
2022-03-20T20:00:00Z,1.9658779321254455e-5,harmonics + GP + seasonal spline
2022-03-20T22:00:00Z,6.447768292275486e-6,harmonics + GP + seasonal spline
2022-03-21T00:00:00Z,1.3612432383275872e-6,harmonics + GP + seasonal spline
2022-03-21T02:00:00Z,9.51521052778855e-6,harmonics + GP + seasonal spline
2022-03-21T04:00:00Z,0.0014221279205634423,harmonics + GP + seasonal spline
2022-03-21T06:00:00Z,1.7744433226925675e-4,harmonics + GP + seasonal spline
2022-03-21T08:00:00Z,2.5418316133517235e-5,harmonics + GP + seasonal spline
2022-03-21T10:00:00Z,0.15593753532239277,harmonics + GP + seasonal spline
2022-03-21T12:00:00Z,0.05712777803464879,harmonics + GP + seasonal spline
2022-03-21T14:00:00Z,1.5133494115305475e-4,harmonics + GP + seasonal spline
2022-03-21T16:00:00Z,4.2016169953526387e-4,harmonics + GP + seasonal spline
2022-03-21T18:00:00Z,0.001045815083955329,harmonics + GP + seasonal spline
2022-03-21T20:00:00Z,0.0012693473430808637,harmonics + GP + seasonal spline
2022-03-21T22:00:00Z,6.398878380563655e-4,harmonics + GP + seasonal spline
2022-03-22T00:00:00Z,1.5082603857865487e-4,harmonics + GP + seasonal spline
2022-03-22T02:00:00Z,3.5299153346110085e-4,harmonics + GP + seasonal spline
2022-03-22T04:00:00Z,2.715181377122451e-5,harmonics + GP + seasonal spline
2022-03-22T06:00:00Z,3.4184080116793917e-4,harmonics + GP + seasonal spline
2022-03-22T08:00:00Z,4.444058917842101e-5,harmonics + GP + seasonal spline
2022-03-22T10:00:00Z,4.836365873804585e-4,harmonics + GP + seasonal spline
2022-03-22T12:00:00Z,1.2486614812426799e-4,harmonics + GP + seasonal spline
2022-03-22T14:00:00Z,0.0021704272478936058,harmonics + GP + seasonal spline
2022-03-22T16:00:00Z,7.099219255735089e-4,harmonics + GP + seasonal spline
2022-03-22T18:00:00Z,3.299374909733151e-4,harmonics + GP + seasonal spline
2022-03-22T20:00:00Z,4.355567304585332e-4,harmonics + GP + seasonal spline
2022-03-22T22:00:00Z,0.002093161997705362,harmonics + GP + seasonal spline
2022-03-23T00:00:00Z,2.7747809000801374e-4,harmonics + GP + seasonal spline
2022-03-23T02:00:00Z,1.67582669225839e-5,harmonics + GP + seasonal spline
2022-03-23T04:00:00Z,4.5379793640085615e-7,harmonics + GP + seasonal spline
2022-03-23T06:00:00Z,8.010967178075092e-5,harmonics + GP + seasonal spline
2022-03-23T08:00:00Z,2.972300744833362e-4,harmonics + GP + seasonal spline
2022-03-23T10:00:00Z,0.0019450151264625275,harmonics + GP + seasonal spline
2022-03-23T12:00:00Z,2.3116627370925603e-5,harmonics + GP + seasonal spline
2022-03-23T14:00:00Z,7.501730790465675e-6,harmonics + GP + seasonal spline
2022-03-23T16:00:00Z,9.48944972192204e-5,harmonics + GP + seasonal spline
2022-03-23T18:00:00Z,2.390587212447675,harmonics + GP + seasonal spline
2022-03-23T20:00:00Z,0.0016833516605020723,harmonics + GP + seasonal spline
2022-03-23T22:00:00Z,0.0020210457202280555,harmonics + GP + seasonal spline
2022-03-24T00:00:00Z,0.005024465253635926,harmonics + GP + seasonal spline
2022-03-24T02:00:00Z,2.6962103115401814e-5,harmonics + GP + seasonal spline
2022-03-24T04:00:00Z,1.220437231091576e-4,harmonics + GP + seasonal spline
2022-03-24T06:00:00Z,1.758725381970448e-5,harmonics + GP + seasonal spline
2022-03-24T08:00:00Z,1.5980386868313787e-4,harmonics + GP + seasonal spline
2022-03-24T10:00:00Z,4.252347686935282e-4,harmonics + GP + seasonal spline
2022-03-24T12:00:00Z,2.1089221235212944e-5,harmonics + GP + seasonal spline
2022-03-24T14:00:00Z,0.002545465211212202,harmonics + GP + seasonal spline
2022-03-24T16:00:00Z,0.0011944045437807381,harmonics + GP + seasonal spline
2022-03-24T18:00:00Z,0.016857549642882694,harmonics + GP + seasonal spline
2022-03-24T20:00:00Z,0.003114752805374049,harmonics + GP + seasonal spline
2022-03-24T22:00:00Z,2.62477199821036,harmonics + GP + seasonal spline
2022-03-25T00:00:00Z,7.439550655198606e-4,harmonics + GP + seasonal spline
2022-03-25T02:00:00Z,0.001934898042428995,harmonics + GP + seasonal spline
2022-03-25T04:00:00Z,0.001934526732690129,harmonics + GP + seasonal spline
2022-03-25T06:00:00Z,0.01409186056391516,harmonics + GP + seasonal spline
2022-03-25T08:00:00Z,0.009224143264982464,harmonics + GP + seasonal spline
2022-03-25T10:00:00Z,1.402378837144729e-4,harmonics + GP + seasonal spline
2022-03-25T12:00:00Z,7.843888139364693e-5,harmonics + GP + seasonal spline
2022-03-25T14:00:00Z,0.0018019872344611518,harmonics + GP + seasonal spline
2022-03-25T16:00:00Z,0.010068415847396473,harmonics + GP + seasonal spline
2022-03-25T18:00:00Z,5.255387847580508e-4,harmonics + GP + seasonal spline
2022-03-25T20:00:00Z,0.010126910007264987,harmonics + GP + seasonal spline
2022-03-25T22:00:00Z,7.640876646095402e-4,harmonics + GP + seasonal spline
2022-03-26T00:00:00Z,0.0065518473499250815,harmonics + GP + seasonal spline
2022-03-26T02:00:00Z,0.03352822460246451,harmonics + GP + seasonal spline
2022-03-26T04:00:00Z,0.006973498054501468,harmonics + GP + seasonal spline
2022-03-26T06:00:00Z,0.005018188249515047,harmonics + GP + seasonal spline
2022-03-26T08:00:00Z,0.0022287384189265775,harmonics + GP + seasonal spline
2022-03-26T10:00:00Z,0.0022710260904206664,harmonics + GP + seasonal spline
2022-03-26T12:00:00Z,8.625704606801085e-5,harmonics + GP + seasonal spline
2022-03-26T14:00:00Z,0.017094587057300003,harmonics + GP + seasonal spline
2022-03-26T16:00:00Z,0.009059343083607813,harmonics + GP + seasonal spline
2022-03-26T18:00:00Z,0.003368886087621453,harmonics + GP + seasonal spline
2022-03-26T20:00:00Z,0.003772643655498485,harmonics + GP + seasonal spline
2022-03-26T22:00:00Z,9.319948102789014e-5,harmonics + GP + seasonal spline
2022-03-27T00:00:00Z,0.01300548384762362,harmonics + GP + seasonal spline
2022-03-27T02:00:00Z,6.018711400547286e-5,harmonics + GP + seasonal spline
2022-03-27T04:00:00Z,7.137042059932201e-4,harmonics + GP + seasonal spline
2022-03-27T06:00:00Z,0.012077266193809215,harmonics + GP + seasonal spline
2022-03-27T08:00:00Z,0.003318853456662868,harmonics + GP + seasonal spline
2022-03-27T10:00:00Z,0.0016447371664696263,harmonics + GP + seasonal spline
2022-03-27T12:00:00Z,0.007237476361159407,harmonics + GP + seasonal spline
2022-03-27T14:00:00Z,0.00874849903560394,harmonics + GP + seasonal spline
2022-03-27T16:00:00Z,4.0262272065409553e-4,harmonics + GP + seasonal spline
2022-03-27T18:00:00Z,0.057348171173156576,harmonics + GP + seasonal spline
2022-03-27T20:00:00Z,0.0015207875536826876,harmonics + GP + seasonal spline
2022-03-27T22:00:00Z,0.0016406988013565318,harmonics + GP + seasonal spline
2022-03-28T00:00:00Z,0.02003222717667583,harmonics + GP + seasonal spline
2022-03-28T02:00:00Z,0.00433359676279211,harmonics + GP + seasonal spline
2022-03-28T04:00:00Z,0.003634842740200358,harmonics + GP + seasonal spline
2022-03-28T06:00:00Z,8.478085149222662e-5,harmonics + GP + seasonal spline
2022-03-28T08:00:00Z,0.002509124998731009,harmonics + GP + seasonal spline
2022-03-28T10:00:00Z,0.0012199467819579302,harmonics + GP + seasonal spline
2022-03-28T12:00:00Z,3.094624520175491e-4,harmonics + GP + seasonal spline
2022-03-28T14:00:00Z,1.578313512927504e-4,harmonics + GP + seasonal spline
2022-03-28T16:00:00Z,3.922710523656426e-5,harmonics + GP + seasonal spline
2022-03-28T18:00:00Z,0.004967840577638943,harmonics + GP + seasonal spline
2022-03-28T20:00:00Z,4.4742234353059e-4,harmonics + GP + seasonal spline
2022-03-28T22:00:00Z,6.037052032719481e-4,harmonics + GP + seasonal spline
2022-03-29T00:00:00Z,8.603016435801221e-5,harmonics + GP + seasonal spline
2022-03-29T02:00:00Z,3.775158530076227e-5,harmonics + GP + seasonal spline
2022-03-29T04:00:00Z,4.1693444225896934e-5,harmonics + GP + seasonal spline
2022-03-29T06:00:00Z,8.977038824737697e-5,harmonics + GP + seasonal spline
2022-03-29T08:00:00Z,0.011482353324415762,harmonics + GP + seasonal spline
2022-03-29T10:00:00Z,7.870955111025123e-4,harmonics + GP + seasonal spline
2022-03-29T12:00:00Z,0.0031707187530949396,harmonics + GP + seasonal spline
2022-03-29T14:00:00Z,0.09693369845565884,harmonics + GP + seasonal spline
2022-03-29T16:00:00Z,3.113594738702027e-4,harmonics + GP + seasonal spline
2022-03-29T18:00:00Z,0.0035137482468357733,harmonics + GP + seasonal spline
2022-03-29T20:00:00Z,0.0016383835450566452,harmonics + GP + seasonal spline
2022-03-29T22:00:00Z,1.0126347810834916e-4,harmonics + GP + seasonal spline
2022-03-30T00:00:00Z,0.0016748516392696053,harmonics + GP + seasonal spline
2022-03-30T02:00:00Z,5.581244030106182e-4,harmonics + GP + seasonal spline
2022-03-30T04:00:00Z,2.0678609815826475e-5,harmonics + GP + seasonal spline
2022-03-30T06:00:00Z,6.035449196070679e-5,harmonics + GP + seasonal spline
2022-03-30T08:00:00Z,2.6286693617906504e-4,harmonics + GP + seasonal spline
2022-03-30T10:00:00Z,2.2529972602413384e-4,harmonics + GP + seasonal spline
2022-03-30T12:00:00Z,7.646122852204088e-4,harmonics + GP + seasonal spline
2022-03-30T14:00:00Z,0.0030853485529342807,harmonics + GP + seasonal spline
2022-03-30T16:00:00Z,0.005021931576720144,harmonics + GP + seasonal spline
2022-03-30T18:00:00Z,0.002842876630410784,harmonics + GP + seasonal spline
2022-03-30T20:00:00Z,0.014912891203874925,harmonics + GP + seasonal spline
2022-03-30T22:00:00Z,0.0013066792144859085,harmonics + GP + seasonal spline
2022-03-31T00:00:00Z,1.5429692167354017e-4,harmonics + GP + seasonal spline
2022-03-31T02:00:00Z,7.423160634937304e-4,harmonics + GP + seasonal spline
2022-03-31T04:00:00Z,4.041202798234417e-4,harmonics + GP + seasonal spline
2022-03-31T06:00:00Z,0.008262120461922092,harmonics + GP + seasonal spline
2022-03-31T08:00:00Z,0.004826004398308867,harmonics + GP + seasonal spline
2022-03-31T10:00:00Z,0.006437283551774293,harmonics + GP + seasonal spline
2022-03-31T12:00:00Z,0.005403977691679752,harmonics + GP + seasonal spline
2022-03-31T14:00:00Z,8.662300073806028e-4,harmonics + GP + seasonal spline
2022-03-31T16:00:00Z,4.4639175159460586e-4,harmonics + GP + seasonal spline
2022-03-31T18:00:00Z,0.00348864296793995,harmonics + GP + seasonal spline
2022-03-31T20:00:00Z,0.2771507659738238,harmonics + GP + seasonal spline
2022-03-31T22:00:00Z,0.003866395776982832,harmonics + GP + seasonal spline
2022-04-01T00:00:00Z,2.8870902994457937e-4,harmonics + GP + seasonal spline
2022-04-01T02:00:00Z,8.683021230726612e-4,harmonics + GP + seasonal spline
2022-04-01T04:00:00Z,0.009317172115085409,harmonics + GP + seasonal spline
2022-04-01T06:00:00Z,7.571866347948601e-4,harmonics + GP + seasonal spline
2022-04-01T08:00:00Z,0.001975989844640103,harmonics + GP + seasonal spline
2022-04-01T10:00:00Z,0.001712752907362997,harmonics + GP + seasonal spline
2022-04-01T12:00:00Z,5.352574635076999e-4,harmonics + GP + seasonal spline
2022-04-01T14:00:00Z,0.03732336323335241,harmonics + GP + seasonal spline
2022-04-01T16:00:00Z,0.0010292726821430392,harmonics + GP + seasonal spline
2022-04-01T18:00:00Z,0.02992793663286707,harmonics + GP + seasonal spline
2022-04-01T20:00:00Z,5.370422075626421e-4,harmonics + GP + seasonal spline
2022-04-01T22:00:00Z,0.0038084544993826613,harmonics + GP + seasonal spline
2022-04-02T00:00:00Z,1.518938457473192,harmonics + GP + seasonal spline
2022-04-02T02:00:00Z,0.038979520974410355,harmonics + GP + seasonal spline
2022-04-02T04:00:00Z,0.001310248914410666,harmonics + GP + seasonal spline
2022-04-02T06:00:00Z,0.004598401058736629,harmonics + GP + seasonal spline
2022-04-02T08:00:00Z,0.003468185314664492,harmonics + GP + seasonal spline
2022-04-02T10:00:00Z,7.034982372286429e-4,harmonics + GP + seasonal spline
2022-04-02T12:00:00Z,3.1924954775792633e-4,harmonics + GP + seasonal spline
2022-04-02T14:00:00Z,0.012628538502682717,harmonics + GP + seasonal spline
2022-04-02T16:00:00Z,5.921420965268433e-4,harmonics + GP + seasonal spline
2022-04-02T18:00:00Z,0.0014266524776509891,harmonics + GP + seasonal spline
2022-04-02T20:00:00Z,0.0037720520832862595,harmonics + GP + seasonal spline
2022-04-02T22:00:00Z,0.004333413391547112,harmonics + GP + seasonal spline
2022-04-03T00:00:00Z,1.3076810695007506e-4,harmonics + GP + seasonal spline
2022-04-03T02:00:00Z,0.001877475199181695,harmonics + GP + seasonal spline
2022-04-03T04:00:00Z,0.16934009314167595,harmonics + GP + seasonal spline
2022-04-03T06:00:00Z,3.6051781281524944e-4,harmonics + GP + seasonal spline
2022-04-03T08:00:00Z,0.0027573988674485335,harmonics + GP + seasonal spline
2022-04-03T10:00:00Z,3.2098492969041814e-4,harmonics + GP + seasonal spline
2022-04-03T12:00:00Z,1.0221037367475612e-5,harmonics + GP + seasonal spline
2022-04-03T14:00:00Z,1.298314921200167e-4,harmonics + GP + seasonal spline
2022-04-03T16:00:00Z,4.0419815349513667e-4,harmonics + GP + seasonal spline
2022-04-03T18:00:00Z,0.013939261300215312,harmonics + GP + seasonal spline
2022-04-03T20:00:00Z,0.0025959439546913185,harmonics + GP + seasonal spline
2022-04-03T22:00:00Z,0.003263012950772315,harmonics + GP + seasonal spline
2022-04-04T00:00:00Z,6.485446477908558e-5,harmonics + GP + seasonal spline
2022-04-04T02:00:00Z,7.902337711914981e-5,harmonics + GP + seasonal spline
2022-04-04T04:00:00Z,0.0018215332135804664,harmonics + GP + seasonal spline
2022-04-04T06:00:00Z,0.005550404493595311,harmonics + GP + seasonal spline
2022-04-04T08:00:00Z,0.18640728989141606,harmonics + GP + seasonal spline
2022-04-04T10:00:00Z,0.011362275032773152,harmonics + GP + seasonal spline
2022-04-04T12:00:00Z,0.035574149261675674,harmonics + GP + seasonal spline
2022-04-04T14:00:00Z,6.264948438451648e-4,harmonics + GP + seasonal spline
2022-04-04T16:00:00Z,0.0027126416450508894,harmonics + GP + seasonal spline
2022-04-04T18:00:00Z,0.03383852188143798,harmonics + GP + seasonal spline
2022-04-04T20:00:00Z,3.633839984424801e-4,harmonics + GP + seasonal spline
2022-04-04T22:00:00Z,7.630546117477023e-4,harmonics + GP + seasonal spline
2022-04-05T00:00:00Z,5.309961727465617e-4,harmonics + GP + seasonal spline
2022-04-05T02:00:00Z,0.0011736389067274553,harmonics + GP + seasonal spline
2022-04-05T04:00:00Z,1.6403916163776088e-5,harmonics + GP + seasonal spline
2022-04-05T06:00:00Z,0.004687479891847542,harmonics + GP + seasonal spline
2022-04-05T08:00:00Z,0.0032486431747346654,harmonics + GP + seasonal spline
2022-04-05T10:00:00Z,0.018325401277196108,harmonics + GP + seasonal spline
2022-04-05T12:00:00Z,0.00535969849713116,harmonics + GP + seasonal spline
2022-04-05T14:00:00Z,2.7375011325238735e-4,harmonics + GP + seasonal spline
2022-04-05T16:00:00Z,2.970678701686244e-4,harmonics + GP + seasonal spline
2022-04-05T18:00:00Z,0.005573671842989518,harmonics + GP + seasonal spline
2022-04-05T20:00:00Z,0.0035936534163016408,harmonics + GP + seasonal spline
2022-04-05T22:00:00Z,0.012287805749209678,harmonics + GP + seasonal spline
2022-04-06T00:00:00Z,4.025693813397892e-6,harmonics + GP + seasonal spline
2022-04-06T02:00:00Z,0.002796380083377725,harmonics + GP + seasonal spline
2022-04-06T04:00:00Z,0.010911455533354295,harmonics + GP + seasonal spline
2022-04-06T06:00:00Z,0.005830368931351369,harmonics + GP + seasonal spline
2022-04-06T08:00:00Z,0.004302189359427312,harmonics + GP + seasonal spline
2022-04-06T10:00:00Z,0.001809518951535204,harmonics + GP + seasonal spline
2022-04-06T12:00:00Z,0.030973875235553658,harmonics + GP + seasonal spline
2022-04-06T14:00:00Z,0.010407187243722959,harmonics + GP + seasonal spline
2022-04-06T16:00:00Z,1.5919655824905306,harmonics + GP + seasonal spline
2022-04-06T18:00:00Z,0.00578880251641078,harmonics + GP + seasonal spline
2022-04-06T20:00:00Z,0.0026220240593433026,harmonics + GP + seasonal spline
2022-04-06T22:00:00Z,0.00931368395669701,harmonics + GP + seasonal spline
2022-04-07T00:00:00Z,0.006156972306917967,harmonics + GP + seasonal spline
2022-04-07T02:00:00Z,6.843531910627889e-4,harmonics + GP + seasonal spline
2022-04-07T04:00:00Z,0.0033095305071894825,harmonics + GP + seasonal spline
2022-04-07T06:00:00Z,0.0037023417041684623,harmonics + GP + seasonal spline
2022-04-07T08:00:00Z,0.013580847348219557,harmonics + GP + seasonal spline
2022-04-07T10:00:00Z,0.009631495991612074,harmonics + GP + seasonal spline
2022-04-07T12:00:00Z,4.4869811691170116e-4,harmonics + GP + seasonal spline
2022-04-07T14:00:00Z,9.039943330704821e-4,harmonics + GP + seasonal spline
2022-04-07T16:00:00Z,0.0037428831237317616,harmonics + GP + seasonal spline
2022-04-07T18:00:00Z,0.0018657349762670845,harmonics + GP + seasonal spline
2022-04-07T19:20:00Z,5.771177027331525,harmonics + GP + seasonal spline
